Year,m,d,Time,Time zone,Precipitation amount (mm),Snow depth (cm),Air temperature (degC),Maximum temperature (degC),Minimum temperature (degC)
2014,6,14,00:00,UTC,-1,-1,11.3,13.7,10.6
2014,6,15,00:00,UTC,-1,-1,13,19.6,4.8
2014,6,16,00:00,UTC,4.4,-1,10.5,17.3,6.2
2014,6,17,00:00,UTC,0.1,-1,7.2,11.3,2.3
2014,6,18,00:00,UTC,1.7,-1,10.2,15.4,2.9
2014,6,19,00:00,UTC,1.1,-1,11.2,17.5,6.2
2014,6,20,00:00,UTC,0.6,-1,10.6,16.1,6.8
2014,6,21,00:00,UTC,1.3,-1,7.6,14,3.4
2014,6,22,00:00,UTC,3.6,-1,7.9,12,2.7
2014,6,23,00:00,UTC,0.3,-1,9.6,14.9,5.4
2014,6,24,00:00,UTC,1.8,-1,11.1,15.6,7.4
2014,6,25,00:00,UTC,-1,-1,11.7,15,8.3
2014,6,26,00:00,UTC,3.3,-1,10.7,16.6,7.9
2014,6,27,00:00,UTC,0.1,-1,12,17.8,7.2
2014,6,28,00:00,UTC,0.7,-1,14,19.7,7.4
2014,6,29,00:00,UTC,9.5,-1,12.1,15,10.1
2014,6,30,00:00,UTC,0.1,-1,12.4,14.7,11.2
2014,7,1,00:00,UTC,2.3,-1,12.1,14,10.9
2014,7,2,00:00,UTC,0.1,-1,,19.2,10
2014,7,3,00:00,UTC,0.6,-1,,21.4,8.4
2014,7,4,00:00,UTC,-1,-1,,23.2,12.8
2014,7,5,00:00,UTC,-1,-1,,23.3,8.7
2014,7,6,00:00,UTC,-1,-1,,24.4,10.5
2014,7,7,00:00,UTC,-1,-1,,26.6,14.3
2014,7,8,00:00,UTC,-1,-1,,27.5,16.2
2014,7,9,00:00,UTC,0.4,-1,,28.1,15.6
2014,7,10,00:00,UTC,-1,-1,,23.9,15
2014,7,11,00:00,UTC,-1,-1,,21.3,8.7
2014,7,12,00:00,UTC,-1,-1,,22.2,11.3
2014,7,13,00:00,UTC,-1,-1,,26,16.4
2014,7,14,00:00,UTC,-1,-1,,23.6,16.1
2014,7,15,00:00,UTC,0.4,-1,,22.1,13.3
2014,7,16,00:00,UTC,6.8,-1,,19.2,12.8
2014,7,17,00:00,UTC,-1,-1,,24.7,12.1
2014,7,18,00:00,UTC,-1,-1,,26.6,15.2
2014,7,19,00:00,UTC,0.3,-1,,26.6,14.2
2014,7,20,00:00,UTC,7.2,-1,,25,14
2014,7,21,00:00,UTC,-1,-1,,26.5,15.2
2014,7,22,00:00,UTC,-1,-1,,27.3,15.1
2014,7,23,00:00,UTC,-1,-1,,30.2,16.7
2014,7,24,00:00,UTC,0.6,-1,,30.5,17.2
2014,7,25,00:00,UTC,-1,-1,,30.6,16.5
2014,7,26,00:00,UTC,-1,-1,,31.7,16.9
2014,7,27,00:00,UTC,-1,-1,,30.6,15.6
2014,7,28,00:00,UTC,-1,-1,,30.9,17.9
2014,7,29,00:00,UTC,0.1,-1,,29.5,17.6
2014,7,30,00:00,UTC,0.2,-1,,28.6,16.9
2014,7,31,00:00,UTC,1.8,-1,,28.5,18.9
2014,8,1,00:00,UTC,-1,-1,,25.7,14.8
2014,8,2,00:00,UTC,-1,-1,,27.2,14.3
2014,8,3,00:00,UTC,-1,-1,,28.1,16.1
2014,8,4,00:00,UTC,-1,-1,,29,17.9
2014,8,5,00:00,UTC,0.4,-1,,29.6,17
2014,8,6,00:00,UTC,-1,-1,,30.1,17.5
2014,8,7,00:00,UTC,3.1,-1,,29.7,17.1
2014,8,8,00:00,UTC,-1,-1,,25.9,14.4
2014,8,9,00:00,UTC,0.1,-1,,25.5,13.5
2014,8,10,00:00,UTC,-1,-1,,26.8,14.2
2014,8,11,00:00,UTC,17.6,-1,,25.7,16.9
2014,8,12,00:00,UTC,7.8,-1,,23.5,16.6
2014,8,13,00:00,UTC,10,-1,,20.5,11.7
2014,8,14,00:00,UTC,3.1,-1,,20.1,11.5
2014,8,15,00:00,UTC,0.7,-1,,22.7,12.5
2014,8,16,00:00,UTC,6.1,-1,,20.2,11.7
2014,8,17,00:00,UTC,6.6,-1,,20.7,10.4
2014,8,18,00:00,UTC,15.8,-1,,18.3,11.5
2014,8,19,00:00,UTC,33.1,,,15,11.9
2014,8,20,00:00,UTC,18.8,,,15.7,8.6
2014,8,21,00:00,UTC,0.4,,13.9,18.2,10.9
2014,8,22,00:00,UTC,9,,12,,
2014,8,23,00:00,UTC,3.7,,11.6,16.6,8.7
2014,8,24,00:00,UTC,0.3,,13.8,18,10
2014,8,25,00:00,UTC,9.5,,12.4,14.8,10.2
2014,8,26,00:00,UTC,2.6,,13.8,18.6,12.1
2014,8,27,00:00,UTC,5.9,,13.4,17.6,10.6
2014,8,28,00:00,UTC,2.9,,13.3,18,11.9
2014,8,29,00:00,UTC,0.7,,11.9,16.3,8.9
2014,8,30,00:00,UTC,-1,,11.6,15.1,8.4
2014,8,31,00:00,UTC,-1,,11.8,15.6,7.9
2014,9,1,00:00,UTC,-1,,11,14.7,7.2
2014,9,2,00:00,UTC,-1,,11.7,17.2,6.3
2014,9,3,00:00,UTC,-1,,14.5,21,9.6
2014,9,4,00:00,UTC,-1,,15.3,21.1,11.6
2014,9,5,00:00,UTC,-1,,14.9,22.2,11.2
2014,9,6,00:00,UTC,-1,,13,18.7,8.2
2014,9,7,00:00,UTC,-1,,13,20.3,6.8
2014,9,8,00:00,UTC,-1,,15.8,21.1,9.5
2014,9,9,00:00,UTC,7.3,,14.7,17.7,13.2
2014,9,10,00:00,UTC,-1,,13.2,18.6,8.8
2014,9,11,00:00,UTC,-1,,14.1,19.7,9.9
2014,9,12,00:00,UTC,-1,,14.6,19.2,12.2
2014,9,13,00:00,UTC,-1,,12.6,18,10.4
2014,9,14,00:00,UTC,-1,,12,18,7
2014,9,15,00:00,UTC,-1,,12.3,18.4,8
2014,9,16,00:00,UTC,-1,,11.6,17.8,7
2014,9,17,00:00,UTC,-1,,11.7,17.6,7.5
2014,9,18,00:00,UTC,-1,,11.3,17.4,5.8
2014,9,19,00:00,UTC,-1,,13.5,19.1,9.2
2014,9,20,00:00,UTC,-1,,13,18.5,9.1
2014,9,21,00:00,UTC,-1,,12.7,16.1,9.1
2014,9,22,00:00,UTC,12.2,,8.5,12.5,5.1
2014,9,23,00:00,UTC,-1,,2.7,5.1,1.6
2014,9,24,00:00,UTC,8.1,,4.5,9.4,-1.4
2014,9,25,00:00,UTC,12.1,,9.6,11.5,6.1
2014,9,26,00:00,UTC,13.8,,11,13.3,8
2014,9,27,00:00,UTC,-1,,9.1,12.6,6.4
2014,9,28,00:00,UTC,-1,,10,16.5,5.3
2014,9,29,00:00,UTC,-1,,9.7,15.1,6.6
2014,9,30,00:00,UTC,-1,,7,11.5,4.8
2014,10,1,00:00,UTC,-1,,5,10.4,0.9
2014,10,2,00:00,UTC,-1,,7.1,11.7,2
2014,10,3,00:00,UTC,1.3,,10.6,13.5,8.2
2014,10,4,00:00,UTC,0.9,,10.7,12.6,9
2014,10,5,00:00,UTC,-1,,6.1,9,4.1
2014,10,6,00:00,UTC,-1,,6.6,7.4,4.9
2014,10,7,00:00,UTC,-1,,7.9,9.6,5.8
2014,10,8,00:00,UTC,6,,7.5,9,5.7
2014,10,9,00:00,UTC,4.6,,10.1,11.1,8.2
2014,10,10,00:00,UTC,1.2,,11.5,12.6,10.2
2014,10,11,00:00,UTC,-1,,9.1,11.8,6.2
2014,10,12,00:00,UTC,0.1,,7.1,8.7,3.6
2014,10,13,00:00,UTC,3.4,,7,8,6.1
2014,10,14,00:00,UTC,-1,,7.6,8.5,6.9
2014,10,15,00:00,UTC,-1,,2.9,7,2.1
2014,10,16,00:00,UTC,-1,,1.3,3.9,-0.2
2014,10,17,00:00,UTC,-1,,-0.7,2.8,-2.8
2014,10,18,00:00,UTC,3,-1,-0.8,2.2,-4.4
2014,10,19,00:00,UTC,7.9,-1,6,8.9,0.4
2014,10,20,00:00,UTC,1,-1,5.6,9.6,2.5
2014,10,21,00:00,UTC,-1,-1,-0.1,4.2,-1.1
2014,10,22,00:00,UTC,-1,-1,-3.1,-1,-4.6
2014,10,23,00:00,UTC,-1,-1,-3.3,-1,-5.5
2014,10,24,00:00,UTC,-1,-1,-0.7,1.5,-3.7
2014,10,25,00:00,UTC,-1,-1,3.1,4.2,0.6
2014,10,26,00:00,UTC,0.7,-1,6.4,8.3,3.9
2014,10,27,00:00,UTC,1.9,-1,9.9,10.6,8.3
2014,10,28,00:00,UTC,-1,-1,10.6,11.6,10
2014,10,29,00:00,UTC,1,-1,7.9,10.6,7.1
2014,10,30,00:00,UTC,-1,-1,2.2,7.1,0.1
2014,10,31,00:00,UTC,0.1,-1,2.2,6.2,-1.4
2014,11,1,00:00,UTC,0.2,-1,0.4,2.9,-1.7
2014,11,2,00:00,UTC,3,-1,5.9,8.9,-0.8
2014,11,3,00:00,UTC,1.7,-1,8.3,9.1,7.6
2014,11,4,00:00,UTC,2.1,-1,8.7,9.5,7.5
2014,11,5,00:00,UTC,-1,-1,2.6,9.2,0.5
2014,11,6,00:00,UTC,16.7,-1,0,0.5,-0.7
2014,11,7,00:00,UTC,0.6,2,0.6,0.9,0.2
2014,11,8,00:00,UTC,-1,-1,0.1,0.6,0
2014,11,9,00:00,UTC,-1,-1,4.6,7.6,-1.1
2014,11,10,00:00,UTC,2.7,-1,4.8,7.3,3.2
2014,11,11,00:00,UTC,0.8,-1,7.5,8.7,5
2014,11,12,00:00,UTC,-1,-1,5.2,7.7,3.8
2014,11,13,00:00,UTC,-1,-1,2.3,4.1,1.7
2014,11,14,00:00,UTC,-1,-1,1,1.7,0.7
2014,11,15,00:00,UTC,-1,-1,0.2,1,-0.3
2014,11,16,00:00,UTC,-1,-1,1.2,3.4,-0.3
2014,11,17,00:00,UTC,-1,-1,1.1,1.9,0.4
2014,11,18,00:00,UTC,-1,-1,1.2,2,0.8
2014,11,19,00:00,UTC,-1,-1,0.1,1.3,-0.8
2014,11,20,00:00,UTC,-1,-1,-1.5,-0.4,-2.7
2014,11,21,00:00,UTC,6,-1,-2,-1,-2.4
2014,11,22,00:00,UTC,-1,5,-2.6,-1.8,-3
2014,11,23,00:00,UTC,-1,4,-0.9,0.4,-4
2014,11,24,00:00,UTC,0.3,2,0.2,1.5,-0.6
2014,11,25,00:00,UTC,1.4,0,1.8,2.8,-0.5
2014,11,26,00:00,UTC,0.8,-1,3.4,3.9,2.7
2014,11,27,00:00,UTC,-1,-1,2.3,3.3,1.9
2014,11,28,00:00,UTC,2.7,-1,1.1,2,0
2014,11,29,00:00,UTC,0.3,-1,0.2,0.7,0
2014,11,30,00:00,UTC,-1,-1,-3,0.6,-5.6
2014,12,1,00:00,UTC,-1,0,-5.1,-3.4,-6.3
2014,12,2,00:00,UTC,-1,0,-1.2,0.8,-6.6
2014,12,3,00:00,UTC,-1,-1,1.4,2.5,0
2014,12,4,00:00,UTC,-1,-1,1.2,3,0
2014,12,5,00:00,UTC,0.7,0,1,3.5,-1.9
2014,12,6,00:00,UTC,6.8,-1,1.1,2,0
2014,12,7,00:00,UTC,5.6,0,2.1,3.6,-1
2014,12,8,00:00,UTC,4.8,-1,2.2,3.9,1.1
2014,12,9,00:00,UTC,0.1,-1,1.3,2.7,-1
2014,12,10,00:00,UTC,5.9,-1,2,3.2,-1.4
2014,12,11,00:00,UTC,3.5,0,2.1,3.5,0.1
2014,12,12,00:00,UTC,16.8,2,1.1,1.6,0
2014,12,13,00:00,UTC,0.6,12,0.1,1.9,-0.1
2014,12,14,00:00,UTC,1,8,-0.5,0.2,-1.6
2014,12,15,00:00,UTC,7.4,7,1.3,2.3,-2.4
2014,12,16,00:00,UTC,6.5,4,0.8,2.4,-1.4
2014,12,17,00:00,UTC,-1,4,0.3,2.5,-1.5
2014,12,18,00:00,UTC,4,4,-0.6,1,-3.2
2014,12,19,00:00,UTC,2.4,3,2.6,3.8,1
2014,12,20,00:00,UTC,0.1,2,-0.1,2.3,-1
2014,12,21,00:00,UTC,1,2,-1.1,0,-2.2
2014,12,22,00:00,UTC,9,2,-3.1,-0.2,-5
2014,12,23,00:00,UTC,0.3,12,-7.1,-2.5,-9
2014,12,24,00:00,UTC,4.4,11,-6.5,-3.3,-10.9
2014,12,25,00:00,UTC,-1,14,-11.6,-5.4,-13.6
2014,12,26,00:00,UTC,1,13,-6.4,-2.2,-13.3
2014,12,27,00:00,UTC,-1,13,-8.2,-5.4,-10.5
2014,12,28,00:00,UTC,-1,13,-10.9,-7.2,-13.2
2014,12,29,00:00,UTC,2,12,-16.9,-13,-18.8
2014,12,30,00:00,UTC,9,15,-1.7,0,-17.9
2014,12,31,00:00,UTC,-1,15,1.5,2.8,-0.1
2015,1,1,00:00,UTC,1.5,13,1.2,2.9,0.5
2015,1,2,00:00,UTC,6.1,10,2.3,4.2,1.4
2015,1,3,00:00,UTC,6.1,7,0.4,1.9,-0.2
2015,1,4,00:00,UTC,0.2,11,-2.2,-0.2,-2.8
2015,1,5,00:00,UTC,-1,10,-10.8,-2.4,-14.1
2015,1,6,00:00,UTC,-1,10,-14,-11.9,-16.8
2015,1,7,00:00,UTC,1.6,11,-3.8,-2.7,-12.3
2015,1,8,00:00,UTC,4.5,12,-0.2,1.5,-2.9
2015,1,9,00:00,UTC,0.7,11,-0.1,1.9,-1.7
2015,1,10,00:00,UTC,12.4,11,-2.1,-0.5,-3.8
2015,1,11,00:00,UTC,2.3,25,-7.4,-0.7,-12.7
2015,1,12,00:00,UTC,8.6,25,-12.2,-10.6,-15
2015,1,13,00:00,UTC,3.1,30,-0.8,0.1,-12.4
2015,1,14,00:00,UTC,0.3,28,0.1,1.2,-1
2015,1,15,00:00,UTC,13.5,27,-0.1,0.9,-2.1
2015,1,16,00:00,UTC,2.6,41,1.2,2.8,-0.4
2015,1,17,00:00,UTC,2.2,31,1.5,2.9,0.5
2015,1,18,00:00,UTC,-1,28,0.5,1.1,-0.2
2015,1,19,00:00,UTC,1.5,26,-1.2,0.1,-2.1
2015,1,20,00:00,UTC,0.3,26,-3.9,-2.1,-4.8
2015,1,21,00:00,UTC,-1,25,-6,-2.7,-8.3
2015,1,22,00:00,UTC,0.7,26,-8.6,-5.9,-10.8
2015,1,23,00:00,UTC,4.9,26,-5.2,-0.7,-8.9
2015,1,24,00:00,UTC,-1,32,-3.2,-0.7,-6.9
2015,1,25,00:00,UTC,-1,31,-2.2,-1.7,-2.6
2015,1,26,00:00,UTC,0.1,30,-0.5,0.4,-1.9
2015,1,27,00:00,UTC,1.6,29,-0.7,0.1,-1.6
2015,1,28,00:00,UTC,0.8,31,-0.4,0.6,-2
2015,1,29,00:00,UTC,1.5,30,-0.3,0.4,-0.9
2015,1,30,00:00,UTC,-1,30,-0.6,0.7,-2.8
2015,1,31,00:00,UTC,14.9,29,0.1,0.6,-2.9
2015,2,1,00:00,UTC,7.7,38,0,0.4,-0.3
2015,2,2,00:00,UTC,11.9,41,0,0.1,-0.2
2015,2,3,00:00,UTC,1.3,50,-0.9,-0.1,-2.4
2015,2,4,00:00,UTC,-1,49,-2.3,-1.5,-3.6
2015,2,5,00:00,UTC,3,46,-2.5,-1.4,-3.7
2015,2,6,00:00,UTC,0.3,48,-1.1,0.7,-4.7
2015,2,7,00:00,UTC,0.6,46,-0.4,0.8,-1.6
2015,2,8,00:00,UTC,-1,45,-4.5,-0.4,-7.5
2015,2,9,00:00,UTC,0.1,45,-4,-0.2,-10.6
2015,2,10,00:00,UTC,-1,43,1,6,-0.7
2015,2,11,00:00,UTC,-1,42,0.9,5.5,-1.5
2015,2,12,00:00,UTC,-1,41,0.6,1.5,0.3
2015,2,13,00:00,UTC,2.1,40,-0.2,2.2,-3.1
2015,2,14,00:00,UTC,1.6,39,-0.2,0.3,-1
2015,2,15,00:00,UTC,-1,37,-7.7,-0.3,-11.4
2015,2,16,00:00,UTC,-1,37,-7.6,-3,-10.6
2015,2,17,00:00,UTC,2.8,36,-3.3,-1.7,-7.7
2015,2,18,00:00,UTC,0.4,39,-0.2,1.8,-2.3
2015,2,19,00:00,UTC,0.3,39,1.4,2.3,-2.1
2015,2,20,00:00,UTC,2.3,36,1.2,2.2,0.9
2015,2,21,00:00,UTC,4.9,34,0.5,1.4,0
2015,2,22,00:00,UTC,3.5,34,0.6,1.4,0
2015,2,23,00:00,UTC,5.8,34,0.8,1.8,-0.1
2015,2,24,00:00,UTC,1.8,35,1,1.6,0.1
2015,2,25,00:00,UTC,-1,31,1.1,2.5,0.4
2015,2,26,00:00,UTC,0.3,31,0.4,1.2,-0.3
2015,2,27,00:00,UTC,-1,30,0.2,2.5,-0.9
2015,2,28,00:00,UTC,-1,29,0.3,1.2,-1
2015,3,1,00:00,UTC,0.2,28,0.8,1.5,0.2
2015,3,2,00:00,UTC,6.9,27,1.3,2,-0.3
2015,3,3,00:00,UTC,9.6,25,0.9,1.6,0.3
2015,3,4,00:00,UTC,1.7,26,0.4,1.7,-0.1
2015,3,5,00:00,UTC,0.8,25,0.3,2.1,-0.8
2015,3,6,00:00,UTC,3.8,24,0.2,0.9,-0.8
2015,3,7,00:00,UTC,0.4,25,1,2.6,-0.5
2015,3,8,00:00,UTC,0.1,23,2.9,4.1,1.8
2015,3,9,00:00,UTC,-1,20,3.5,7.5,1.3
2015,3,10,00:00,UTC,0.3,19,1.9,3.8,-1.9
2015,3,11,00:00,UTC,-1,17,2.4,5.8,0.1
2015,3,12,00:00,UTC,-1,16,0.1,5.7,-2.8
2015,3,13,00:00,UTC,-1,16,0.1,5.2,-4.4
2015,3,14,00:00,UTC,-1,16,1.2,7.2,-3.8
2015,3,15,00:00,UTC,-1,16,2.8,8.8,-2.3
2015,3,16,00:00,UTC,-1,16,3.1,9.8,-1.7
2015,3,17,00:00,UTC,-1,16,3.5,9.9,-1.5
2015,3,18,00:00,UTC,-1,16,4.5,11.1,-1.8
2015,3,19,00:00,UTC,-1,17,3.2,10,-2.6
2015,3,20,00:00,UTC,-1,17,1,2.9,-0.2
2015,3,21,00:00,UTC,-1,16,-2.8,-0.1,-4
2015,3,22,00:00,UTC,-1,16,-4.1,-0.4,-10.6
2015,3,23,00:00,UTC,1.3,16,1.2,1.8,-0.7
2015,3,24,00:00,UTC,-1,15,3.4,7.9,1.8
2015,3,25,00:00,UTC,0.4,15,-1.6,2.8,-2.6
2015,3,26,00:00,UTC,-1,14,-1.1,1.1,-5.4
2015,3,27,00:00,UTC,6.4,15,1.3,2.7,0.1
2015,3,28,00:00,UTC,1.5,13,2.8,3.8,1.8
2015,3,29,00:00,UTC,8.8,12,1.7,4.1,0.1
2015,3,30,00:00,UTC,27.9,12,0.2,2.2,0
2015,3,31,00:00,UTC,1.2,26,1.2,2.9,0
2015,4,1,00:00,UTC,1,20,1.4,2.9,-1.1
2015,4,2,00:00,UTC,1.5,17,1.4,2.5,0.9
2015,4,3,00:00,UTC,-1,15,1.3,3,-0.1
2015,4,4,00:00,UTC,2.7,14,1.5,4,0.1
2015,4,5,00:00,UTC,0.3,14,1.3,4.4,0
2015,4,6,00:00,UTC,-1,11,3.4,8.3,-2
2015,4,7,00:00,UTC,0.9,10,3.5,7.2,0.9
2015,4,8,00:00,UTC,-1,9,4.7,7.7,1.2
2015,4,9,00:00,UTC,-1,6,6.2,12.1,1.2
2015,4,10,00:00,UTC,-1,3,5.7,11.2,1.2
2015,4,11,00:00,UTC,-1,-1,7.3,13.7,1.2
2015,4,12,00:00,UTC,1,-1,5.1,12.2,1.9
2015,4,13,00:00,UTC,-1,-1,4.9,11.3,-0.2
2015,4,14,00:00,UTC,0.3,-1,1.7,5.3,-0.5
2015,4,15,00:00,UTC,-1,-1,2.9,9.1,-2.7
2015,4,16,00:00,UTC,1.6,-1,2.9,7.8,0.4
2015,4,17,00:00,UTC,3.2,-1,2.6,6.2,0.3
2015,4,18,00:00,UTC,-1,-1,2.9,5.8,-0.1
2015,4,19,00:00,UTC,-1,-1,5,9.9,-0.9
2015,4,20,00:00,UTC,-1,-1,6.5,11.2,2.2
2015,4,21,00:00,UTC,-1,-1,7.2,12.1,0.6
2015,4,22,00:00,UTC,1.1,-1,6.7,12.3,2.2
2015,4,23,00:00,UTC,-1,-1,5.5,10.4,2.6
2015,4,24,00:00,UTC,-1,-1,3.1,10.5,-2.4
2015,4,25,00:00,UTC,1.5,-1,5.3,11.9,-3
2015,4,26,00:00,UTC,4.4,-1,5.9,8.8,3.7
2015,4,27,00:00,UTC,13.5,-1,5.7,8.2,2.2
2015,4,28,00:00,UTC,1.5,-1,8.9,14.4,6.1
2015,4,29,00:00,UTC,23.9,-1,4.3,8.3,0.2
2015,4,30,00:00,UTC,-1,-1,4.1,9.9,0.3
2015,5,1,00:00,UTC,-1,-1,8.5,13.1,2.4
2015,5,2,00:00,UTC,9,-1,5.1,9.3,3.8
2015,5,3,00:00,UTC,0.3,-1,5.4,11.6,1.3
2015,5,4,00:00,UTC,-1,-1,5.8,12.2,-2.2
2015,5,5,00:00,UTC,-1,-1,7.7,10.6,3.9
2015,5,6,00:00,UTC,5.1,-1,9.3,13.4,5.4
2015,5,7,00:00,UTC,-1,-1,10.5,15.5,7.2
2015,5,8,00:00,UTC,-1,-1,7.6,13.7,5.5
2015,5,9,00:00,UTC,-1,-1,7.6,14.4,2.7
2015,5,10,00:00,UTC,-1,-1,7.8,13.6,-0.3
2015,5,11,00:00,UTC,-1,-1,8,13.9,4.6
2015,5,12,00:00,UTC,13.7,-1,8.9,11.5,5.5
2015,5,13,00:00,UTC,1.5,-1,7.1,9.3,6.1
2015,5,14,00:00,UTC,-1,-1,8.6,15.7,5.9
2015,5,15,00:00,UTC,2.5,-1,4.2,10.3,-1.4
2015,5,16,00:00,UTC,-1,-1,7,13.1,-0.9
2015,5,17,00:00,UTC,-1,-1,8.3,14,1.1
2015,5,18,00:00,UTC,1.8,-1,6.7,10.9,2.9
2015,5,19,00:00,UTC,0.4,-1,10,16.9,3.1
2015,5,20,00:00,UTC,1.9,-1,11.2,16.6,6.2
2015,5,21,00:00,UTC,1.6,-1,9.4,14.3,7.5
2015,5,22,00:00,UTC,0.2,-1,11.2,17.6,3.6
2015,5,23,00:00,UTC,1.7,-1,8.5,15.8,6.4
2015,5,24,00:00,UTC,-1,-1,8.9,16.2,1.9
2015,5,25,00:00,UTC,-1,-1,10.5,16.8,5
2015,5,26,00:00,UTC,-1,-1,12.3,18.3,4.4
2015,5,27,00:00,UTC,-1,-1,13.3,19,8.7
2015,5,28,00:00,UTC,-1,,12,19.8,5.9
2015,5,29,00:00,UTC,2.4,,8.8,13,5.2
2015,5,30,00:00,UTC,0.3,,11.2,16.5,3.6
2015,5,31,00:00,UTC,0.1,,10.8,15.9,8.6
2015,6,1,00:00,UTC,2.8,,11.2,17.9,7.6
2015,6,2,00:00,UTC,4.5,,12.3,17.8,7.5
2015,6,3,00:00,UTC,1.5,,11.9,15.8,9.6
2015,6,4,00:00,UTC,-1,,11.5,16.8,7.1
2015,6,5,00:00,UTC,-1,,12.1,19.3,4.1
2015,6,6,00:00,UTC,0.4,,12.3,17.7,4.5
2015,6,7,00:00,UTC,-1,,13,17.6,9.5
2015,6,8,00:00,UTC,3.1,,11.2,19,5.5
2015,6,9,00:00,UTC,-1,,11.6,17.2,5.1
2015,6,10,00:00,UTC,-1,,12.4,18.8,4.8
2015,6,11,00:00,UTC,0.3,,12.3,17.9,8
2015,6,12,00:00,UTC,-1,,15.1,23,6.6
2015,6,13,00:00,UTC,2.1,,16.5,23.5,8.1
2015,6,14,00:00,UTC,7.2,,12.2,18.7,11
2015,6,15,00:00,UTC,1,,9.8,14.7,8.3
2015,6,16,00:00,UTC,-1,,9.3,15,3.7
2015,6,17,00:00,UTC,2.1,,11.1,17.5,3.3
2015,6,18,00:00,UTC,20,,10,13.8,7.6
2015,6,19,00:00,UTC,-1,,12.4,14.9,11
2015,6,20,00:00,UTC,1.5,,12.2,15.2,9
2015,6,21,00:00,UTC,2.2,,14.3,19.4,8.1
2015,6,22,00:00,UTC,-1,,13.3,18.2,11.2
2015,6,23,00:00,UTC,16.1,,14.4,21,7.9
2015,6,24,00:00,UTC,7.6,,13.1,15.6,12.2
2015,6,25,00:00,UTC,-1,,12.3,15.3,11.2
2015,6,26,00:00,UTC,-1,,12.9,17.7,9.6
2015,6,27,00:00,UTC,-1,,13.9,19.6,10.3
2015,6,28,00:00,UTC,-1,,15.6,22.4,8.8
2015,6,29,00:00,UTC,-1,,16.8,23.2,9.1
2015,6,30,00:00,UTC,5.3,,15.6,20,11.6
2015,7,1,00:00,UTC,-1,,16.8,22.3,12.4
2015,7,2,00:00,UTC,-1,,18.7,26.3,10.5
2015,7,3,00:00,UTC,-1,,21.5,30.3,13
2015,7,4,00:00,UTC,-1,,21,28.2,14.1
2015,7,5,00:00,UTC,-1,,17.8,23.7,12.1
2015,7,6,00:00,UTC,4.1,,14.9,19.6,11.1
2015,7,7,00:00,UTC,7.4,,13.5,15.2,12
2015,7,8,00:00,UTC,4.2,,14.5,18.5,11
2015,7,9,00:00,UTC,0.8,,15.3,20,13.3
2015,7,10,00:00,UTC,0.7,,13.6,17.7,9.3
2015,7,11,00:00,UTC,-1,,15.6,21,11.6
2015,7,12,00:00,UTC,1.6,,12.5,16.3,9.4
2015,7,13,00:00,UTC,1.1,,13,16.9,9.4
2015,7,14,00:00,UTC,1.6,,13.7,20.1,9.7
2015,7,15,00:00,UTC,-1,,16.4,22.2,10.1
2015,7,16,00:00,UTC,5.3,,14.6,20.3,10.6
2015,7,17,00:00,UTC,1.6,,15.4,20.3,12.6
2015,7,18,00:00,UTC,4.2,,14.5,20.3,10.9
2015,7,19,00:00,UTC,0.3,,14.1,18.4,11.4
2015,7,20,00:00,UTC,0.2,,14.3,18.7,9.6
2015,7,21,00:00,UTC,16.1,,15.7,23,9.8
2015,7,22,00:00,UTC,0.3,,13.9,17.8,11.7
2015,7,23,00:00,UTC,1.2,,14.4,18.9,10.7
2015,7,24,00:00,UTC,-1,,15,19.2,11.5
2015,7,25,00:00,UTC,0.3,,15.5,21,9.4
2015,7,26,00:00,UTC,3,,15.4,17.8,14
2015,7,27,00:00,UTC,-1,,14.6,17.6,13.7
2015,7,28,00:00,UTC,-1,,14.7,20.5,9.1
2015,7,29,00:00,UTC,0.3,,15.3,20.6,9.3
2015,7,30,00:00,UTC,10.9,,14.2,17.8,12.2
2015,7,31,00:00,UTC,11.2,,12.9,18.1,11.8
2015,8,1,00:00,UTC,-1,,13.1,19.9,7.2
2015,8,2,00:00,UTC,3.6,,14,19.7,7.7
2015,8,3,00:00,UTC,-1,,15.4,21.1,10.2
2015,8,4,00:00,UTC,-1,,15.5,21.7,9.5
2015,8,5,00:00,UTC,5.5,,16.3,22,10.1
2015,8,6,00:00,UTC,-1,,18,23,13.6
2015,8,7,00:00,UTC,0.6,,17.9,24.6,11.8
2015,8,8,00:00,UTC,-1,,19,24.8,12.9
2015,8,9,00:00,UTC,-1,,18.1,24.2,12.8
2015,8,10,00:00,UTC,-1,,18.3,25.2,11.9
2015,8,11,00:00,UTC,-1,,18.7,24.4,11.5
2015,8,12,00:00,UTC,-1,,18.8,24.6,14
2015,8,13,00:00,UTC,-1,,15.5,20.2,12.4
2015,8,14,00:00,UTC,-1,,15.4,22.2,7.7
2015,8,15,00:00,UTC,-1,,15.9,21.2,10.3
2015,8,16,00:00,UTC,-1,,15.3,21.5,10.6
2015,8,17,00:00,UTC,-1,,15.4,21.8,8.8
2015,8,18,00:00,UTC,-1,,16,23.6,10.4
2015,8,19,00:00,UTC,-1,,14.7,21.3,9.3
2015,8,20,00:00,UTC,-1,,16,23.1,9.5
2015,8,21,00:00,UTC,-1,,16.1,23.7,8.8
2015,8,22,00:00,UTC,-1,,17.4,24,10.5
2015,8,23,00:00,UTC,-1,,18.8,25.5,13.4
2015,8,24,00:00,UTC,-1,,18.8,24.5,12.6
2015,8,25,00:00,UTC,0.2,,19.3,24.9,14.5
2015,8,26,00:00,UTC,2,,16.1,19.2,14.5
2015,8,27,00:00,UTC,9.1,,16.2,20.7,10.4
2015,8,28,00:00,UTC,5.8,,15.2,17.4,14.2
2015,8,29,00:00,UTC,-1,,14.4,20.8,10
2015,8,30,00:00,UTC,5.2,,11.9,19.1,8.5
2015,8,31,00:00,UTC,3.7,,13.1,20.2,7.9
2015,9,1,00:00,UTC,-1,,14,17.9,10.4
2015,9,2,00:00,UTC,11.2,,12.4,15.2,10.6
2015,9,3,00:00,UTC,3.9,,12.4,14.1,10.6
2015,9,4,00:00,UTC,7,,12.4,17.1,8.7
2015,9,5,00:00,UTC,8.2,,11.9,14.7,10.6
2015,9,6,00:00,UTC,2.7,,11.9,16.1,7
2015,9,7,00:00,UTC,6.7,,10.9,11.9,10.4
2015,9,8,00:00,UTC,0.1,,10.4,15.1,6.9
2015,9,9,00:00,UTC,-1,,10.1,14.6,6
2015,9,10,00:00,UTC,-1,,12.1,17.6,7.4
2015,9,11,00:00,UTC,-1,,13.1,18.3,8.5
2015,9,12,00:00,UTC,-1,,13.3,18.3,8.8
2015,9,13,00:00,UTC,-1,,11.8,16.3,7.2
2015,9,14,00:00,UTC,-1,,12.3,16.5,7.6
2015,9,15,00:00,UTC,7,,12.8,16.7,9.1
2015,9,16,00:00,UTC,3.6,,13.4,14.5,12.6
2015,9,17,00:00,UTC,0.5,,14.6,15.9,13
2015,9,18,00:00,UTC,5.7,,15.1,16.5,13.8
2015,9,19,00:00,UTC,0.6,,13.2,16.6,10.8
2015,9,20,00:00,UTC,1.3,,12.2,17,8.5
2015,9,21,00:00,UTC,1.3,,11.6,13.9,9.3
2015,9,22,00:00,UTC,0.3,,11.6,15.2,10
2015,9,23,00:00,UTC,-1,,12.1,15,9
2015,9,24,00:00,UTC,1.2,,12.8,17.8,9.7
2015,9,25,00:00,UTC,-1,,12.5,16.1,8.9
2015,9,26,00:00,UTC,-1,,10.7,15.5,8.1
2015,9,27,00:00,UTC,-1,,8.8,12.9,4.5
2015,9,28,00:00,UTC,-1,,9.8,13.2,7.3
2015,9,29,00:00,UTC,-1,,7.1,12,3.4
2015,9,30,00:00,UTC,-1,,10.1,15.1,4.4
2015,10,1,00:00,UTC,1.2,,10.2,16.2,4.1
2015,10,2,00:00,UTC,-1,,12,16.3,7.6
2015,10,3,00:00,UTC,-1,,8.3,13,5
2015,10,4,00:00,UTC,-1,,9.6,14.9,4.1
2015,10,5,00:00,UTC,-1,,4.5,9.7,2.2
2015,10,6,00:00,UTC,-1,,2,6.5,-1.9
2015,10,7,00:00,UTC,-1,-1,1.8,6.8,-2.4
2015,10,8,00:00,UTC,-1,-1,0.7,4.9,-2.4
2015,10,9,00:00,UTC,-1,0,0.7,5.2,-4.1
2015,10,10,00:00,UTC,-1,-1,1.5,4.6,0.2
2015,10,11,00:00,UTC,-1,-1,1.8,7.9,-2.8
2015,10,12,00:00,UTC,-1,-1,3.9,9.7,-0.5
2015,10,13,00:00,UTC,-1,-1,3.8,9.4,-0.4
2015,10,14,00:00,UTC,-1,-1,5.5,11.6,1.6
2015,10,15,00:00,UTC,-1,-1,5.2,10.3,1.2
2015,10,16,00:00,UTC,-1,-1,4.1,10.5,0.8
2015,10,17,00:00,UTC,-1,-1,3.1,8.2,-1.5
2015,10,18,00:00,UTC,-1,-1,5.8,9.4,2.8
2015,10,19,00:00,UTC,-1,-1,5.9,9.9,3.4
2015,10,20,00:00,UTC,-1,-1,4.4,6.3,3
2015,10,21,00:00,UTC,0.1,-1,6.6,7.9,3.4
2015,10,22,00:00,UTC,10.3,-1,8.3,9.1,6.1
2015,10,23,00:00,UTC,0.2,-1,9.5,11.1,8.7
2015,10,24,00:00,UTC,-1,-1,5.5,9.3,2.9
2015,10,25,00:00,UTC,6.6,0,8,9.2,3.5
2015,10,26,00:00,UTC,-1,-1,5,8.6,3.4
2015,10,27,00:00,UTC,-1,-1,2.5,7.5,-0.4
2015,10,28,00:00,UTC,-1,-1,-1.8,2.9,-4.6
2015,10,29,00:00,UTC,-1,0,1.9,6,-2.6
2015,10,30,00:00,UTC,-1,-1,0.6,3.7,-1.2
2015,10,31,00:00,UTC,-1,-1,5.1,8.3,-1
2015,11,1,00:00,UTC,-1,-1,8.6,10,7.6
2015,11,2,00:00,UTC,-1,-1,7.6,10.1,6.3
2015,11,3,00:00,UTC,-1,-1,7.7,11.5,5.4
2015,11,4,00:00,UTC,-1,-1,6.9,9,5.1
2015,11,5,00:00,UTC,-1,-1,2,5.5,-0.1
2015,11,6,00:00,UTC,-1,-1,5.4,6.6,-0.4
2015,11,7,00:00,UTC,5,-1,6.6,7.1,5.3
2015,11,8,00:00,UTC,3.9,-1,7.5,8.9,6.5
2015,11,9,00:00,UTC,5.1,-1,5.3,7.1,3.2
2015,11,10,00:00,UTC,1.6,-1,4.8,6.8,3.2
2015,11,11,00:00,UTC,0.6,-1,3.6,5.6,1.8
2015,11,12,00:00,UTC,0.2,-1,2.5,5.8,-1
2015,11,13,00:00,UTC,6.3,-1,3.9,6,1.7
2015,11,14,00:00,UTC,0.8,-1,5.5,7.2,4.6
2015,11,15,00:00,UTC,6,-1,3.6,4.7,2.4
2015,11,16,00:00,UTC,5.4,-1,4.2,5.3,3.2
2015,11,17,00:00,UTC,9.6,-1,4.4,5.9,2.4
2015,11,18,00:00,UTC,2.6,-1,4.2,5.4,2.3
2015,11,19,00:00,UTC,3.2,-1,3.7,4.9,3
2015,11,20,00:00,UTC,4.4,-1,1.6,4.1,0.3
2015,11,21,00:00,UTC,1.1,-1,0.2,0.7,-0.1
2015,11,22,00:00,UTC,0.2,0,-1,0.1,-1.6
2015,11,23,00:00,UTC,-1,0,-3.3,-0.9,-4.7
2015,11,24,00:00,UTC,2.9,0,-0.6,2,-5.6
2015,11,25,00:00,UTC,0.1,-1,3.6,4.3,1.6
2015,11,26,00:00,UTC,0.9,-1,1.9,3.3,0.2
2015,11,27,00:00,UTC,3.1,-1,6,6.8,1.9
2015,11,28,00:00,UTC,2.3,-1,4.9,6.7,2.7
2015,11,29,00:00,UTC,6.9,-1,2.6,4,0.9
2015,11,30,00:00,UTC,2.5,-1,3.2,4.4,2
2015,12,1,00:00,UTC,0.2,-1,1.2,2.1,0.2
2015,12,2,00:00,UTC,2.7,-1,-0.8,1.7,-3.3
2015,12,3,00:00,UTC,1.4,-1,2.3,6.2,-3.4
2015,12,4,00:00,UTC,11.2,-1,3.1,5.7,-1
2015,12,5,00:00,UTC,7.5,-1,4.5,7.2,-0.2
2015,12,6,00:00,UTC,11.3,-1,7.4,8.3,7.1
2015,12,7,00:00,UTC,0.1,-1,3.8,8.2,2.7
2015,12,8,00:00,UTC,0.5,-1,1.3,3,-0.6
2015,12,9,00:00,UTC,2.9,-1,5.6,6.6,2.5
2015,12,10,00:00,UTC,2.6,-1,4.8,6.7,1.2
2015,12,11,00:00,UTC,0.9,-1,2.8,6.9,-0.3
2015,12,12,00:00,UTC,0.2,-1,-0.1,0.9,-1.3
2015,12,13,00:00,UTC,2.1,-1,0.2,0.6,-0.8
2015,12,14,00:00,UTC,-1,-1,-1.7,0.7,-4.9
2015,12,15,00:00,UTC,-1,-1,-1.9,0.2,-5.3
2015,12,16,00:00,UTC,0.6,-1,0.2,1.2,-2.8
2015,12,17,00:00,UTC,7.9,-1,0.4,1.2,-0.4
2015,12,18,00:00,UTC,3.9,-1,3.8,6.8,0.9
2015,12,19,00:00,UTC,1.8,-1,3.1,6.7,-0.9
2015,12,20,00:00,UTC,1.5,-1,7.2,9.1,-0.7
2015,12,21,00:00,UTC,-1,-1,7,8.6,6.5
2015,12,22,00:00,UTC,1.3,-1,4.3,6.8,1.2
2015,12,23,00:00,UTC,-1,-1,3.6,6.4,1.1
2015,12,24,00:00,UTC,1.3,-1,3.2,5.1,0.7
2015,12,25,00:00,UTC,4.1,-1,4.5,6.2,2.5
2015,12,26,00:00,UTC,0.8,-1,-0.2,4.1,-4.2
2015,12,27,00:00,UTC,-1,2,-6.2,-3.3,-7.8
2015,12,28,00:00,UTC,-1,3,-6.3,-3.8,-9
2015,12,29,00:00,UTC,-1,4,-7.5,-5,-9.3
2015,12,30,00:00,UTC,-1,5,-2.7,-0.4,-8
2015,12,31,00:00,UTC,-1,4,-2.2,-0.4,-5
2016,1,1,00:00,UTC,0.2,5,-5.6,-4.3,-6.1
2016,1,2,00:00,UTC,0.4,7,-9.5,-6,-11.1
2016,1,3,00:00,UTC,4.5,7,-10.3,-8.6,-13.1
2016,1,4,00:00,UTC,-1,17,-13.4,-7.5,-15.3
2016,1,5,00:00,UTC,0.1,13,-19.6,-15.2,-21.6
2016,1,6,00:00,UTC,-1,13,-22.3,-18.7,-23.7
2016,1,7,00:00,UTC,-1,12,-25.5,-23.1,-27.2
2016,1,8,00:00,UTC,-1,12,-18.8,-13.8,-27.5
2016,1,9,00:00,UTC,-1,12,-13.1,-11.6,-13.9
2016,1,10,00:00,UTC,0.3,13,-14.5,-12.6,-16.6
2016,1,11,00:00,UTC,4.8,15,-7.6,-6.7,-12.6
2016,1,12,00:00,UTC,4.5,21,-8.7,-6.5,-10
2016,1,13,00:00,UTC,1.5,28,-11.3,-8.7,-11.9
2016,1,14,00:00,UTC,-1,26,-14,-11.7,-15.1
2016,1,15,00:00,UTC,0.4,24,-11.1,-7.1,-17.9
2016,1,16,00:00,UTC,0.4,23,-14.7,-9.3,-16.6
2016,1,17,00:00,UTC,1.4,23,-11.7,-7.4,-16.3
2016,1,18,00:00,UTC,1.9,25,-14.3,-12.9,-18.3
2016,1,19,00:00,UTC,-1,26,-13.2,-11.5,-14.7
2016,1,20,00:00,UTC,0.6,24,-17.4,-14.6,-19.4
2016,1,21,00:00,UTC,0.2,25,-17.2,-13.1,-20
2016,1,22,00:00,UTC,-1,25,-18.6,-13.5,-24.1
2016,1,23,00:00,UTC,2.1,24,-4.6,-2.5,-13.5
2016,1,24,00:00,UTC,6.5,26,-2.7,-1.4,-3.4
2016,1,25,00:00,UTC,4.3,35,-2.8,-1.4,-3.9
2016,1,26,00:00,UTC,6.9,33,-0.1,1.6,-3.5
2016,1,27,00:00,UTC,7.4,30,1,1.8,0.4
2016,1,28,00:00,UTC,2,26,1.3,2.9,0.4
2016,1,29,00:00,UTC,2.7,23,0.2,1.9,-2.9
2016,1,30,00:00,UTC,0.4,22,2.2,3.1,1
2016,1,31,00:00,UTC,-1,21,-0.2,2.6,-2.8
2016,2,1,00:00,UTC,7.9,21,-0.5,0.2,-2.7
2016,2,2,00:00,UTC,4.3,28,-0.1,0.7,-0.5
2016,2,3,00:00,UTC,1.1,31,-2.6,0.2,-5.3
2016,2,4,00:00,UTC,0.2,32,-2.2,0.2,-4.4
2016,2,5,00:00,UTC,-1,31,-3.5,-0.8,-5.7
2016,2,6,00:00,UTC,7.1,30,-3,0.1,-9.4
2016,2,7,00:00,UTC,-1,30,1.8,2.3,0.1
2016,2,8,00:00,UTC,9.7,27,1.2,2.2,0.2
2016,2,9,00:00,UTC,5.5,24,2.5,3.3,1.6
2016,2,10,00:00,UTC,15.6,20,2.3,3.3,1.3
2016,2,11,00:00,UTC,17.2,16,1.6,3.7,1
2016,2,12,00:00,UTC,8,27,0,1.9,-0.1
2016,2,13,00:00,UTC,6.7,31,-1,-0.1,-3.1
2016,2,14,00:00,UTC,2.1,37,0.1,0.4,-1.1
2016,2,15,00:00,UTC,-1,35,-0.7,0.8,-1.8
2016,2,16,00:00,UTC,-1,33,-4.5,-1.5,-7.2
2016,2,17,00:00,UTC,-1,32,-3.3,0.6,-8.1
2016,2,18,00:00,UTC,0.8,31,-1.7,-0.3,-3.9
2016,2,19,00:00,UTC,2.1,30,0.1,0.5,-0.7
2016,2,20,00:00,UTC,11.1,30,-0.3,0,-0.5
2016,2,21,00:00,UTC,4.4,37,-0.2,0.2,-0.5
2016,2,22,00:00,UTC,0.4,38,-0.4,1.2,-1.6
2016,2,23,00:00,UTC,-1,35,-2.1,-0.2,-4.2
2016,2,24,00:00,UTC,-1,35,-1.1,0.8,-4
2016,2,25,00:00,UTC,0.2,34,0.1,1.4,-1
2016,2,26,00:00,UTC,0.4,33,-1.9,0.4,-5.1
2016,2,27,00:00,UTC,-1,32,-5.2,-1.5,-10.1
2016,2,28,00:00,UTC,-1,33,-1.7,2.4,-4.7
2016,2,29,00:00,UTC,-1,33,-5.3,-0.1,-8.3
2016,3,1,00:00,UTC,-1,33,-4,0.4,-7.3
2016,3,2,00:00,UTC,-1,33,-5.3,-2.1,-8
2016,3,3,00:00,UTC,-1,33,-3.5,-2.4,-5.3
2016,3,4,00:00,UTC,-1,32,-1.3,0.9,-4.1
2016,3,5,00:00,UTC,-1,33,-0.4,0.5,-1.2
2016,3,6,00:00,UTC,1.5,33,0.2,0.8,-0.5
2016,3,7,00:00,UTC,2.3,32,0.4,1.4,-0.5
2016,3,8,00:00,UTC,1.4,33,1.1,2.1,0.1
2016,3,9,00:00,UTC,-1,27,0.5,1.8,0
2016,3,10,00:00,UTC,-1,27,0.2,1.5,-0.3
2016,3,11,00:00,UTC,-1,26,-0.5,2.6,-1.7
2016,3,12,00:00,UTC,-1,25,-0.9,4.6,-4.7
2016,3,13,00:00,UTC,-1,24,-1.3,0.7,-3.1
2016,3,14,00:00,UTC,-1,24,1.6,5.6,-2.1
2016,3,15,00:00,UTC,-1,23,1,5.2,-1.3
2016,3,16,00:00,UTC,-1,23,2.3,6.8,-1.7
2016,3,17,00:00,UTC,4.5,23,2.2,6.3,-0.5
2016,3,18,00:00,UTC,0.4,27,-3.7,1.8,-4.8
2016,3,19,00:00,UTC,0.5,24,-4.8,0.6,-9.8
2016,3,20,00:00,UTC,0.6,24,-3.8,1.1,-9
2016,3,21,00:00,UTC,-1,24,-3.3,-0.2,-4.6
2016,3,22,00:00,UTC,-1,27,-5.1,0.6,-10.4
2016,3,23,00:00,UTC,-1,27,-2.3,2.1,-6.6
2016,3,24,00:00,UTC,-1,27,-0.8,1.3,-3.9
2016,3,25,00:00,UTC,0.6,26,0.8,1.7,-0.3
2016,3,26,00:00,UTC,-1,25,1.7,4,0.4
2016,3,27,00:00,UTC,-1,22,1.9,6,0.4
2016,3,28,00:00,UTC,-1,21,4.1,9.6,-0.8
2016,3,29,00:00,UTC,-1,21,5.1,10.3,0
2016,3,30,00:00,UTC,-1,20,3.8,9.2,0.5
2016,3,31,00:00,UTC,-1,19,2.4,9.4,-2.5
2016,4,1,00:00,UTC,-1,17,1.7,5.1,-0.2
2016,4,2,00:00,UTC,3,16,2.8,9.3,-2.3
2016,4,3,00:00,UTC,0.7,15,2.3,4.3,-0.3
2016,4,4,00:00,UTC,-1,14,2.8,8.8,-1.4
2016,4,5,00:00,UTC,1.1,13,3.1,6.2,0.2
2016,4,6,00:00,UTC,4.6,11,7,14.3,2.9
2016,4,7,00:00,UTC,1.8,6,5.3,10.9,3.7
2016,4,8,00:00,UTC,0.9,3,4.3,9.5,2
2016,4,9,00:00,UTC,1.3,-1,2.9,4.9,2
2016,4,10,00:00,UTC,-1,-1,4,10.9,-1.5
2016,4,11,00:00,UTC,-1,-1,5,11.6,0.7
2016,4,12,00:00,UTC,-1,-1,5.6,11.8,-0.9
2016,4,13,00:00,UTC,-1,-1,5.6,12.2,-2.5
2016,4,14,00:00,UTC,-1,,1.7,6.4,-1.1
2016,4,15,00:00,UTC,-1,,2.2,6.6,-3
2016,4,16,00:00,UTC,0.5,,6.3,13.2,-1.2
2016,4,17,00:00,UTC,9.1,,6.1,8.1,4.3
2016,4,18,00:00,UTC,1.1,,4.6,7.9,1.4
2016,4,19,00:00,UTC,0.3,,5.2,8.8,3.3
2016,4,20,00:00,UTC,0.4,-1,3.3,7.5,0.6
2016,4,21,00:00,UTC,-1,-1,3.8,10.2,-0.3
2016,4,22,00:00,UTC,5.9,-1,2.2,8.1,-2
2016,4,23,00:00,UTC,0.1,-1,1.6,6.6,-1.1
2016,4,24,00:00,UTC,20.4,-1,1.8,6.6,-1.7
2016,4,25,00:00,UTC,3.7,-1,3.7,7.8,0.2
2016,4,26,00:00,UTC,10.9,-1,2.3,3.7,0.3
2016,4,27,00:00,UTC,-1,-1,4.8,9.3,2.4
2016,4,28,00:00,UTC,9.2,-1,6.2,11.7,1.7
2016,4,29,00:00,UTC,-1,-1,6.9,12.7,2.4
2016,4,30,00:00,UTC,-1,,8,15.5,2
2016,5,1,00:00,UTC,-1,,9.7,17.8,2.2
2016,5,2,00:00,UTC,-1,,10.6,18.7,1.6
2016,5,3,00:00,UTC,-1,,11.2,19.3,3.2
2016,5,4,00:00,UTC,-1,,13.4,21,5.3
2016,5,5,00:00,UTC,-1,,14.2,22.5,6
2016,5,6,00:00,UTC,-1,,13.6,21.4,6.5
2016,5,7,00:00,UTC,-1,,13.3,21.7,3.7
2016,5,8,00:00,UTC,-1,,14.7,23.8,5.2
2016,5,9,00:00,UTC,-1,,15.5,23.8,6.4
2016,5,10,00:00,UTC,-1,,16.6,24.7,8.4
2016,5,11,00:00,UTC,-1,,11.2,16.6,7.4
2016,5,12,00:00,UTC,-1,,9.3,15.3,3.9
2016,5,13,00:00,UTC,-1,,12.1,17.6,4.5
2016,5,14,00:00,UTC,9,,11.3,13.7,9.6
2016,5,15,00:00,UTC,2.8,,13.4,18.7,10.6
2016,5,16,00:00,UTC,0.8,,10.1,15.4,7.5
2016,5,17,00:00,UTC,-1,,8.8,13,5.4
2016,5,18,00:00,UTC,-1,,10.2,16.5,5
2016,5,19,00:00,UTC,0.1,,9.7,16.4,2.8
2016,5,20,00:00,UTC,0.1,,12.2,19,4.3
2016,5,21,00:00,UTC,0.1,,14.7,22.4,7.6
2016,5,22,00:00,UTC,-1,,14.3,21.3,7.1
2016,5,23,00:00,UTC,-1,,15.7,22.6,7.5
2016,5,24,00:00,UTC,0.1,,17.6,23.3,9.4
2016,5,25,00:00,UTC,0.1,,18.3,24.9,10.4
2016,5,26,00:00,UTC,19.1,,14.2,19.2,10.8
2016,5,27,00:00,UTC,-1,,13.4,19.5,8.3
2016,5,28,00:00,UTC,0.1,,13,15.9,9.3
2016,5,29,00:00,UTC,-1,,13.8,18.5,10.4
2016,5,30,00:00,UTC,-1,,18.7,25.1,11.1
2016,5,31,00:00,UTC,-1,,19.8,25.8,14.2
2016,6,1,00:00,UTC,-1,,18.4,24.9,11.9
2016,6,2,00:00,UTC,5.3,,17.3,27.7,11.3
2016,6,3,00:00,UTC,-1,,19.5,26.7,11.9
2016,6,4,00:00,UTC,-1,,12.8,18.8,8.4
2016,6,5,00:00,UTC,-1,,9.6,14.6,4.2
2016,6,6,00:00,UTC,-1,,9.7,15.2,3.5
2016,6,7,00:00,UTC,4.2,,12.9,20.1,4.3
2016,6,8,00:00,UTC,3,,10.8,14.8,9.6
2016,6,9,00:00,UTC,-1,,8.5,11.4,5.6
2016,6,10,00:00,UTC,2.6,,8.6,13.5,4.5
2016,6,11,00:00,UTC,-1,,11,15.9,3.8
2016,6,12,00:00,UTC,-1,,12.1,18,6.2
2016,6,13,00:00,UTC,-1,,13.5,20.6,6.7
2016,6,14,00:00,UTC,-1,,14.5,22,5.3
2016,6,15,00:00,UTC,7.3,,17.5,22.5,9.8
2016,6,16,00:00,UTC,19.1,,14.2,19.4,12.4
2016,6,17,00:00,UTC,29.9,,14.7,19,13
2016,6,18,00:00,UTC,9.6,,14,16.1,12.1
2016,6,19,00:00,UTC,-1,,13.5,16.7,11.6
2016,6,20,00:00,UTC,-1,,14.7,20.3,12.3
2016,6,21,00:00,UTC,-1,,16.3,23.1,8.5
2016,6,22,00:00,UTC,-1,,16.5,22.8,12.4
2016,6,23,00:00,UTC,0.9,,15.5,20.7,11.9
2016,6,24,00:00,UTC,0.4,,16,20.4,12.2
2016,6,25,00:00,UTC,-1,,19.4,26.3,14.4
2016,6,26,00:00,UTC,-1,,20.7,26.9,15.9
2016,6,27,00:00,UTC,22.7,,16,21.2,14.6
2016,6,28,00:00,UTC,-1,,17.2,23.6,12.4
2016,6,29,00:00,UTC,1.6,,18.1,24,13.1
2016,6,30,00:00,UTC,1.5,,17.3,22.4,14.1
2016,7,1,00:00,UTC,-1,,17.7,23.2,12
2016,7,2,00:00,UTC,5.8,,19.9,26,14.1
2016,7,3,00:00,UTC,3.6,,16.6,20.3,15.1
2016,7,4,00:00,UTC,3.5,,13.5,17.8,11.5
2016,7,5,00:00,UTC,-1,,14.4,18.9,10
2016,7,6,00:00,UTC,5,,16.1,21.7,12
2016,7,7,00:00,UTC,2.3,,12.1,15.2,11.2
2016,7,8,00:00,UTC,-1,,14.9,20.8,11.6
2016,7,9,00:00,UTC,3.5,,15.3,23.5,8.2
2016,7,10,00:00,UTC,1.9,,14.5,21,11.9
2016,7,11,00:00,UTC,8,,15.7,19.9,11.2
2016,7,12,00:00,UTC,1.3,,17,21.3,14.9
2016,7,13,00:00,UTC,-1,,17.6,22.4,14.9
2016,7,14,00:00,UTC,-1,,17,22.5,12.1
2016,7,15,00:00,UTC,18.4,,14.6,17,11.5
2016,7,16,00:00,UTC,-1,,17.1,22.8,14
2016,7,17,00:00,UTC,0.1,,16.2,21.1,14.3
2016,7,18,00:00,UTC,-1,,16.3,21.5,11.7
2016,7,19,00:00,UTC,-1,,16.4,22.4,10.6
2016,7,20,00:00,UTC,-1,,17,22.5,9.7
2016,7,21,00:00,UTC,-1,,17.6,21.4,16.2
2016,7,22,00:00,UTC,-1,,17,18.6,15.8
2016,7,23,00:00,UTC,2.1,,17.9,20.4,15.9
2016,7,24,00:00,UTC,-1,,19.7,24.8,16.9
2016,7,25,00:00,UTC,-1,,19.6,26.7,14.3
2016,7,26,00:00,UTC,-1,,19.5,25.8,13.9
2016,7,27,00:00,UTC,-1,,19.4,26.3,14.7
2016,7,28,00:00,UTC,3.2,,17,23,12
2016,7,29,00:00,UTC,-1,,18.1,24.2,14.4
2016,7,30,00:00,UTC,18.5,,17.9,23,13.9
2016,7,31,00:00,UTC,5.3,,16.2,20.4,14.3
2016,8,1,00:00,UTC,-1,,16.3,20.2,12
2016,8,2,00:00,UTC,5.7,,14.9,21.1,11.4
2016,8,3,00:00,UTC,5.1,,14.3,19.8,10.8
2016,8,4,00:00,UTC,3.2,,15.1,18.5,11.5
2016,8,5,00:00,UTC,3.3,,18.2,22.4,14.4
2016,8,6,00:00,UTC,0.2,,17.3,21.2,15.6
2016,8,7,00:00,UTC,0.9,,16.9,22.8,14.2
2016,8,8,00:00,UTC,1.8,,17.1,20.8,12.5
2016,8,9,00:00,UTC,0.1,,15.4,19.1,14.1
2016,8,10,00:00,UTC,1.8,,13.3,18.3,9.8
2016,8,11,00:00,UTC,-1,,13.5,17.3,11.3
2016,8,12,00:00,UTC,1.4,,11.1,17.7,6
2016,8,13,00:00,UTC,7.2,,13.9,16.5,9.3
2016,8,14,00:00,UTC,15.1,,14.1,20.2,12.2
2016,8,15,00:00,UTC,-1,,12.4,18.2,7.1
2016,8,16,00:00,UTC,14.4,,13.6,15.6,10.8
2016,8,17,00:00,UTC,5.5,,14,17.6,12.1
2016,8,18,00:00,UTC,1,,14.5,17.5,12.3
2016,8,19,00:00,UTC,9.4,,16.2,20.8,13.6
2016,8,20,00:00,UTC,-1,,16.3,21.8,12.7
2016,8,21,00:00,UTC,0.5,,17.8,23.5,11.7
2016,8,22,00:00,UTC,2.6,,16.7,19.2,15.7
2016,8,23,00:00,UTC,0.2,,15.3,20.6,13
2016,8,24,00:00,UTC,-1,,13.8,18,10.8
2016,8,25,00:00,UTC,6.8,,16.1,20.5,11.2
2016,8,26,00:00,UTC,-1,,16.5,19,15
2016,8,27,00:00,UTC,-1,,16,19.8,14.4
2016,8,28,00:00,UTC,1,,12.9,17.2,7.4
2016,8,29,00:00,UTC,14.6,,12.2,14,10.5
2016,8,30,00:00,UTC,0.1,,11.8,15.8,10.8
2016,8,31,00:00,UTC,-1,,13.9,20.5,7.6
2016,9,1,00:00,UTC,-1,,16.4,20.8,12.7
2016,9,2,00:00,UTC,-1,,13.9,19.7,10.7
2016,9,3,00:00,UTC,37.5,,12.1,16.8,6.1
2016,9,4,00:00,UTC,-1,,13,17.1,12
2016,9,5,00:00,UTC,-1,,13.3,18.8,9.1
2016,9,6,00:00,UTC,-1,,11.9,17.1,5.9
2016,9,7,00:00,UTC,-1,,16.1,21.7,13
2016,9,8,00:00,UTC,-1,,13.2,18.1,9.8
2016,9,9,00:00,UTC,-1,,12.8,18.6,7.5
2016,9,10,00:00,UTC,-1,,14.2,20.1,9.3
2016,9,11,00:00,UTC,-1,,14.9,20.6,11
2016,9,12,00:00,UTC,-1,,14.2,18.6,11.8
2016,9,13,00:00,UTC,-1,,12.6,18.2,6.8
2016,9,14,00:00,UTC,-1,,11.2,16.4,6.8
2016,9,15,00:00,UTC,-1,,12.4,19.5,8.3
2016,9,16,00:00,UTC,-1,,10.5,14.8,6.5
2016,9,17,00:00,UTC,-1,,9.8,12.2,8.6
2016,9,18,00:00,UTC,-1,,9.2,14.3,5
2016,9,19,00:00,UTC,-1,,9.6,14,5.4
2016,9,20,00:00,UTC,-1,,9.3,14.6,5.5
2016,9,21,00:00,UTC,-1,,9.6,15.6,4.2
2016,9,22,00:00,UTC,-1,,9.1,13.7,4.8
2016,9,23,00:00,UTC,-1,,7.2,10.4,3.4
2016,9,24,00:00,UTC,-1,,8.2,11.3,4.9
2016,9,25,00:00,UTC,-1,,11.2,14.9,7.2
2016,9,26,00:00,UTC,-1,,12.4,17.2,9.3
2016,9,27,00:00,UTC,-1,,11.5,17,8.6
2016,9,28,00:00,UTC,4.7,,11.1,12.9,8.5
2016,9,29,00:00,UTC,6.5,,12,14.4,8.9
2016,9,30,00:00,UTC,0.2,,11,14.8,8.2
2016,10,1,00:00,UTC,-1,,8.8,13.7,6.2
2016,10,2,00:00,UTC,-1,,7.9,13.4,3.1
2016,10,3,00:00,UTC,-1,,6.2,11.7,2
2016,10,4,00:00,UTC,-1,,4.7,7.7,2
2016,10,5,00:00,UTC,-1,,5.2,9.8,1.9
2016,10,6,00:00,UTC,-1,,5.1,9.2,1.4
2016,10,7,00:00,UTC,-1,,5.5,9.9,1.7
2016,10,8,00:00,UTC,-1,,7.2,9.3,5.8
2016,10,9,00:00,UTC,-1,,5.5,7.2,4.3
2016,10,10,00:00,UTC,-1,,5,8.5,1.3
2016,10,11,00:00,UTC,-1,,4.2,6,3.6
2016,10,12,00:00,UTC,-1,,2.9,4.8,2.1
2016,10,13,00:00,UTC,-1,,0.4,2.1,-0.8
2016,10,14,00:00,UTC,0.4,-1,1.7,2.9,0.7
2016,10,15,00:00,UTC,0.1,-1,3.8,5.2,2.1
2016,10,16,00:00,UTC,-1,-1,4.4,5.9,3.6
2016,10,17,00:00,UTC,-1,-1,4.7,6.2,3.3
2016,10,18,00:00,UTC,-1,-1,3.9,6.9,1.9
2016,10,19,00:00,UTC,-1,-1,2.5,6.8,-0.6
2016,10,20,00:00,UTC,-1,-1,2.8,6.1,-0.8
2016,10,21,00:00,UTC,-1,-1,2.8,3.6,2.4
2016,10,22,00:00,UTC,0.1,-1,2.5,2.9,1.5
2016,10,23,00:00,UTC,1.3,-1,4.4,5.6,2.9
2016,10,24,00:00,UTC,1,-1,3.9,4.9,2.9
2016,10,25,00:00,UTC,3.4,-1,1.2,5.1,0
2016,10,26,00:00,UTC,1.8,-1,-0.5,0.9,-2.4
2016,10,27,00:00,UTC,7,-1,4.8,7.6,-3
2016,10,28,00:00,UTC,8.7,-1,7.4,8.5,6.1
2016,10,29,00:00,UTC,0.2,-1,3.3,6.1,2
2016,10,30,00:00,UTC,-1,-1,2.8,4.3,0.8
2016,10,31,00:00,UTC,0.2,-1,0.5,3,-1.3
2016,11,1,00:00,UTC,2.6,-1,-0.8,0.7,-3.1
2016,11,2,00:00,UTC,3.8,2,-1.3,0.6,-2.8
2016,11,3,00:00,UTC,-1,4,-3,-1,-4.6
2016,11,4,00:00,UTC,-1,4,-3.8,-1.3,-5.5
2016,11,5,00:00,UTC,-1,3,-4.9,-2.9,-7
2016,11,6,00:00,UTC,0.3,3,-5.9,-4,-8.3
2016,11,7,00:00,UTC,10,5,-5.7,-4.5,-6.3
2016,11,8,00:00,UTC,3.9,16,-7.1,-6.2,-8.3
2016,11,9,00:00,UTC,6.9,20,-4.9,-3.5,-6.2
2016,11,10,00:00,UTC,1.4,22,-4.6,-3,-5.9
2016,11,11,00:00,UTC,-1,20,-9.6,-5.2,-11.1
2016,11,12,00:00,UTC,-1,17,-4.3,-2,-11.9
2016,11,13,00:00,UTC,-1,14,-1.9,-0.6,-2.8
2016,11,14,00:00,UTC,-1,12,-3.2,-1.8,-5.5
2016,11,15,00:00,UTC,5.5,11,-1.5,0.1,-3.2
2016,11,16,00:00,UTC,1.9,12,0.7,1.4,0.1
2016,11,17,00:00,UTC,3.7,7,2.2,3.2,0.7
2016,11,18,00:00,UTC,5.4,4,2.8,4.2,1.5
2016,11,19,00:00,UTC,5.6,-1,4.9,5.9,3.8
2016,11,20,00:00,UTC,10.6,-1,3.5,4.9,1.2
2016,11,21,00:00,UTC,-1,-1,5.7,6.9,3.4
2016,11,22,00:00,UTC,0.1,-1,3.6,6.4,2.4
2016,11,23,00:00,UTC,1.9,-1,3.8,4.7,2.5
2016,11,24,00:00,UTC,2.5,-1,2.8,5.2,0.1
2016,11,25,00:00,UTC,8.6,-1,-0.7,0.2,-1.7
2016,11,26,00:00,UTC,1,-1,3,4.5,-0.9
2016,11,27,00:00,UTC,0.3,-1,-2.2,2.3,-4.9
2016,11,28,00:00,UTC,-1,0,-4.7,-2.9,-6.8
2016,11,29,00:00,UTC,1.3,3,-5.6,-1.8,-9.9
2016,11,30,00:00,UTC,-1,4,-0.4,1.7,-1.9
2016,12,1,00:00,UTC,-1,5,-3.2,-1.1,-4.8
2016,12,2,00:00,UTC,-1,5,-3.3,-2.3,-4.6
2016,12,3,00:00,UTC,-1,5,-5.3,-2.7,-7.7
2016,12,4,00:00,UTC,1,6,-6.6,-0.2,-11.1
2016,12,5,00:00,UTC,0.1,6,1.3,4.7,-0.2
2016,12,6,00:00,UTC,-1,6,-9.2,-0.1,-11.4
2016,12,7,00:00,UTC,5.5,7,-2.4,0.4,-13.2
2016,12,8,00:00,UTC,0.1,8,0.6,1.2,0
2016,12,9,00:00,UTC,-1,7,0.2,1.7,-0.3
2016,12,10,00:00,UTC,-1,7,-6.7,-0.3,-8.3
2016,12,11,00:00,UTC,-1,7,-9.4,-7.9,-11.3
2016,12,12,00:00,UTC,-1,7,-7.1,-3.1,-11
2016,12,13,00:00,UTC,1.1,,-3.1,-2.5,-4.5
2016,12,14,00:00,UTC,-1,3,-2.1,-0.6,-3.5
2016,12,15,00:00,UTC,-1,3,-2.1,0.1,-3.8
2016,12,16,00:00,UTC,-1,3,-2.6,-1.4,-3.5
2016,12,17,00:00,UTC,1,3,-2.7,-0.2,-5.6
2016,12,18,00:00,UTC,0.3,4,-0.5,0.1,-1.9
2016,12,19,00:00,UTC,0.2,5,0.4,1.3,-0.3
2016,12,20,00:00,UTC,0.1,3,1.3,2.3,-0.2
2016,12,21,00:00,UTC,-1,2,2,2.7,1.1
2016,12,22,00:00,UTC,0.1,-1,2.8,3.9,1.5
2016,12,23,00:00,UTC,0.3,-1,1.7,3.3,-0.3
2016,12,24,00:00,UTC,8.1,-1,1.9,3.6,-2.3
2016,12,25,00:00,UTC,0.8,-1,0.9,2.5,-0.2
2016,12,26,00:00,UTC,0.4,-1,2.1,5.4,-1.2
2016,12,27,00:00,UTC,-1,-1,-0.3,0.6,-1.9
2016,12,28,00:00,UTC,-1,-1,-1.7,0.4,-3.3
2016,12,29,00:00,UTC,-1,-1,0.5,2.1,-4.6
2016,12,30,00:00,UTC,-1,-1,3.1,4.4,1.6
2016,12,31,00:00,UTC,-1,,4.6,6.1,3.9
2017,1,1,00:00,UTC,-1,,-1.4,3.9,-2.2
2017,1,2,00:00,UTC,3.7,,-4.6,-1.3,-5.3
2017,1,3,00:00,UTC,2.3,4,-8.1,-4.7,-11.3
2017,1,4,00:00,UTC,0.1,6,-13.8,-5.5,-19.5
2017,1,5,00:00,UTC,-1,6,-18.7,-16.9,-19.6
2017,1,6,00:00,UTC,0.8,5,-18.2,-15.6,-22.1
2017,1,7,00:00,UTC,5,6,-4.3,-2.2,-15.8
2017,1,8,00:00,UTC,-1,10,-1.3,-0.5,-2.5
2017,1,9,00:00,UTC,0.4,8,-0.5,0.4,-1.8
2017,1,10,00:00,UTC,0.3,7,0.7,1.5,0.1
2017,1,11,00:00,UTC,0.2,5,-2,0.3,-4.2
2017,1,12,00:00,UTC,13.9,5,-3.9,-3.4,-5.2
2017,1,13,00:00,UTC,7.3,19,-0.2,0.6,-3.4
2017,1,14,00:00,UTC,0.3,18,-0.3,0.4,-0.7
2017,1,15,00:00,UTC,-1,17,-4.2,-0.6,-6.3
2017,1,16,00:00,UTC,-1,17,-4.8,-3.4,-7.6
2017,1,17,00:00,UTC,0.2,16,-4.9,-2.5,-7.2
2017,1,18,00:00,UTC,0.1,17,0.1,0.8,-2.5
2017,1,19,00:00,UTC,-1,15,0.6,1,-0.6
2017,1,20,00:00,UTC,0.4,14,-2.2,1.4,-5.1
2017,1,21,00:00,UTC,0.3,14,-3.5,-0.2,-4.8
2017,1,22,00:00,UTC,0.1,15,-1.3,0.7,-5.6
2017,1,23,00:00,UTC,-1,15,-0.8,0,-2.2
2017,1,24,00:00,UTC,-1,14,-3.5,-0.1,-6.9
2017,1,25,00:00,UTC,0.3,14,-5.4,-3.2,-10.2
2017,1,26,00:00,UTC,-1,14,1,2,-3.2
2017,1,27,00:00,UTC,-1,14,0.5,3,-0.5
2017,1,28,00:00,UTC,1.2,13,0,1.2,-3.2
2017,1,29,00:00,UTC,2.6,12,0,0.9,-0.8
2017,1,30,00:00,UTC,2.7,14,0.2,0.6,-0.8
2017,1,31,00:00,UTC,-1,15,-0.7,0.7,-1.2
2017,2,1,00:00,UTC,1.9,15,-1.5,-0.6,-2.1
2017,2,2,00:00,UTC,0.3,15,-1.7,-0.2,-3.2
2017,2,3,00:00,UTC,0.3,14,-1.3,-0.7,-2.8
2017,2,4,00:00,UTC,2.9,14,-0.3,0.1,-0.8
2017,2,5,00:00,UTC,-1,16,-3,-0.1,-4.7
2017,2,6,00:00,UTC,-1,15,-8.8,-4.2,-11.8
2017,2,7,00:00,UTC,-1,16,-13.9,-10.2,-16.3
2017,2,8,00:00,UTC,-1,16,-11.2,-5.6,-15
2017,2,9,00:00,UTC,-1,16,-11.6,-7.8,-14.6
2017,2,10,00:00,UTC,-1,16,-9.3,-6.3,-13.2
2017,2,11,00:00,UTC,-1,16,-6,-4.5,-11.6
2017,2,12,00:00,UTC,-1,16,-4,-1.1,-8
2017,2,13,00:00,UTC,-1,16,0.2,3.3,-3.4
2017,2,14,00:00,UTC,-1,15,2.7,6.8,0.7
2017,2,15,00:00,UTC,-1,15,-1.1,2,-3.3
2017,2,16,00:00,UTC,0.5,15,-0.5,1.7,-2.9
2017,2,17,00:00,UTC,0.6,16,0.7,1.2,-0.3
2017,2,18,00:00,UTC,1.2,15,0.3,4,-2.9
2017,2,19,00:00,UTC,1.3,14,1.3,2.3,-0.2
2017,2,20,00:00,UTC,3,14,-0.6,1.9,-1.7
2017,2,21,00:00,UTC,-1,18,-4,-1.5,-7.2
2017,2,22,00:00,UTC,21.5,17,-6.2,-3.3,-11.5
2017,2,23,00:00,UTC,0.5,33,-1.9,0.2,-4.5
2017,2,24,00:00,UTC,0.2,32,-7.8,-4.5,-10.2
2017,2,25,00:00,UTC,0.1,32,-7.3,-3.5,-10.3
2017,2,26,00:00,UTC,2.6,31,-3.5,-1.2,-9.1
2017,2,27,00:00,UTC,1.2,33,-3.6,-1.6,-7.4
2017,2,28,00:00,UTC,8.3,32,1.4,3.2,-1.7
2017,3,1,00:00,UTC,5.1,26,1.1,2.6,0.1
2017,3,2,00:00,UTC,0.3,25,0.8,1.6,0
2017,3,3,00:00,UTC,1.4,24,0.4,1.8,0
2017,3,4,00:00,UTC,0.4,22,-3,0.1,-6.5
2017,3,5,00:00,UTC,-1,23,-5.9,-1.3,-10.4
2017,3,6,00:00,UTC,-1,22,-5.5,-1.7,-9.7
2017,3,7,00:00,UTC,5.3,24,-3.5,-1.8,-6.1
2017,3,8,00:00,UTC,2.3,28,-1.1,0.1,-3
2017,3,9,00:00,UTC,2,31,-0.2,1.5,-3.1
2017,3,10,00:00,UTC,0.2,29,0.6,3.3,-1.6
2017,3,11,00:00,UTC,-1,27,0.7,4.3,-1.2
2017,3,12,00:00,UTC,-1,26,-1.5,3.7,-5.7
2017,3,13,00:00,UTC,-1,27,1.1,4,-1.4
2017,3,14,00:00,UTC,4.6,25,0.3,2.1,-0.9
2017,3,15,00:00,UTC,-1,26,2.6,6.2,0.1
2017,3,16,00:00,UTC,1.2,25,1.4,6.2,-2.1
2017,3,17,00:00,UTC,4.4,25,1.4,2.9,-1.3
2017,3,18,00:00,UTC,-1,24,0.6,2.3,-1.6
2017,3,19,00:00,UTC,0.1,23,0.3,3.3,-1.2
2017,3,20,00:00,UTC,0.2,23,-1.1,3.4,-4
2017,3,21,00:00,UTC,9.1,22,0.8,2.3,-1.2
2017,3,22,00:00,UTC,0.9,22,1.5,2.5,0.1
2017,3,23,00:00,UTC,-1,22,0.4,5.3,-2
2017,3,24,00:00,UTC,0.6,22,-1.1,3.3,-4.7
2017,3,25,00:00,UTC,-1,22,0.4,3.7,-3.7
2017,3,26,00:00,UTC,0.2,22,3.1,9.6,-3.7
2017,3,27,00:00,UTC,-1,20,5.1,9.4,0.9
2017,3,28,00:00,UTC,-1,18,1,7.2,-0.5
2017,3,29,00:00,UTC,-1,17,-0.8,3.7,-5.6
2017,3,30,00:00,UTC,2.4,17,-1.3,4.4,-6.9
2017,3,31,00:00,UTC,0.4,21,-0.6,2,-2.4
2017,4,1,00:00,UTC,2.5,20,0.3,3.9,-3.4
2017,4,2,00:00,UTC,-1,17,4,5.2,2.2
2017,4,3,00:00,UTC,-1,15,2.6,4.8,2
2017,4,4,00:00,UTC,0.3,14,2.8,6.8,-0.1
2017,4,5,00:00,UTC,0.4,11,2.6,6.4,0.9
2017,4,6,00:00,UTC,-1,11,3.5,10.1,-1.6
2017,4,7,00:00,UTC,2.5,10,2.7,8,-1.7
2017,4,8,00:00,UTC,-1,8,2,6.9,-3.4
2017,4,9,00:00,UTC,-1,7,3.2,8.2,-2
2017,4,10,00:00,UTC,2,5,5.5,11.2,1.4
2017,4,11,00:00,UTC,0.1,-1,2.9,8.4,0
2017,4,12,00:00,UTC,0.4,-1,1.4,7,-3.2
2017,4,13,00:00,UTC,0.1,-1,0.6,3.6,-1
2017,4,14,00:00,UTC,-1,-1,-1.8,2.6,-5
2017,4,15,00:00,UTC,0.1,-1,-3,1.4,-7.1
2017,4,16,00:00,UTC,-1,-1,-2.3,1,-5.9
2017,4,17,00:00,UTC,-1,-1,-0.5,3.9,-4.8
2017,4,18,00:00,UTC,-1,-1,-1,4.1,-4.9
2017,4,19,00:00,UTC,-1,-1,-0.2,5.7,-5.5
2017,4,20,00:00,UTC,3.5,-1,1.5,7.6,-5.1
2017,4,21,00:00,UTC,-1,-1,4.4,10.2,0.8
2017,4,22,00:00,UTC,0.7,-1,2.9,8.3,-1.9
2017,4,23,00:00,UTC,0.1,-1,2,8.6,0.2
2017,4,24,00:00,UTC,8.6,-1,1.5,7.1,-3.2
2017,4,25,00:00,UTC,0.9,2,1.9,5,-1.6
2017,4,26,00:00,UTC,0.9,-1,2.3,8.3,-0.5
2017,4,27,00:00,UTC,1.1,-1,2.2,7.8,-0.9
2017,4,28,00:00,UTC,-1,-1,3.4,9.7,-1.9
2017,4,29,00:00,UTC,11.6,-1,1.6,4.9,0.1
2017,4,30,00:00,UTC,0.4,5,0.8,4.8,0.1
2017,5,1,00:00,UTC,-1,-1,7.1,14.5,-1.6
2017,5,2,00:00,UTC,-1,-1,8.3,15.5,-0.7
2017,5,3,00:00,UTC,-1,-1,7.7,13.5,0.8
2017,5,4,00:00,UTC,-1,-1,6.2,12.6,1
2017,5,5,00:00,UTC,-1,-1,9,18,-1.5
2017,5,6,00:00,UTC,-1,,10,15.8,4.7
2017,5,7,00:00,UTC,-1,-1,5.4,10.9,0.2
2017,5,8,00:00,UTC,-1,-1,3.2,8.1,0.1
2017,5,9,00:00,UTC,0.2,-1,0.8,6.6,-2.1
2017,5,10,00:00,UTC,1.3,-1,0.1,5.8,-3.6
2017,5,11,00:00,UTC,0.3,-1,2.1,8.3,-2.1
2017,5,12,00:00,UTC,-1,-1,3.8,10,-2.8
2017,5,13,00:00,UTC,-1,-1,6.5,13.5,-0.5
2017,5,14,00:00,UTC,-1,-1,9.4,16,0.6
2017,5,15,00:00,UTC,1,-1,7.8,13.7,6.6
2017,5,16,00:00,UTC,-1,-1,5.9,14,-2.1
2017,5,17,00:00,UTC,0.3,-1,8.3,13.1,1.7
2017,5,18,00:00,UTC,-1,-1,11.5,16.9,8.1
2017,5,19,00:00,UTC,0.4,-1,16.8,25.9,7.4
2017,5,20,00:00,UTC,-1,-1,17.2,22.6,12.4
2017,5,21,00:00,UTC,-1,-1,14.4,21.2,7.6
2017,5,22,00:00,UTC,-1,-1,14.6,24,7.1
2017,5,23,00:00,UTC,-1,-1,12.6,19.3,5.7
2017,5,24,00:00,UTC,-1,-1,12.3,17.8,8.1
2017,5,25,00:00,UTC,-1,-1,13,20.2,6.1
2017,5,26,00:00,UTC,2.2,-1,13.1,19.1,5.5
2017,5,27,00:00,UTC,-1,-1,9,14.9,4.3
2017,5,28,00:00,UTC,3,-1,14.3,22.8,5.8
2017,5,29,00:00,UTC,-1,-1,13.9,18.5,11.7
2017,5,30,00:00,UTC,7.1,-1,9.3,14.5,3.4
2017,5,31,00:00,UTC,0.6,,9.5,15.1,6.5
2017,6,1,00:00,UTC,2.8,-1,5.8,10.2,1.8
2017,6,2,00:00,UTC,-1,-1,5.4,8.8,1
2017,6,3,00:00,UTC,-1,-1,9.3,15.4,2
2017,6,4,00:00,UTC,-1,-1,10,16.2,3.8
2017,6,5,00:00,UTC,4.8,-1,9.7,10.9,7.8
2017,6,6,00:00,UTC,-1,-1,13.6,21.5,6.9
2017,6,7,00:00,UTC,4.3,-1,16.8,22.5,8.7
2017,6,8,00:00,UTC,14,-1,11.9,18.5,10.8
2017,6,9,00:00,UTC,-1,,12.6,17.5,8.5
2017,6,10,00:00,UTC,-1,-1,15.3,22,8.3
2017,6,11,00:00,UTC,5,-1,16.4,22.5,11.5
2017,6,12,00:00,UTC,17.7,-1,12.3,15.7,10.2
2017,6,13,00:00,UTC,1.8,-1,11.6,17.1,9.5
2017,6,14,00:00,UTC,-1,-1,13.7,19.2,6.1
2017,6,15,00:00,UTC,-1,,16.3,22,8.9
2017,6,16,00:00,UTC,-1,-1,17.8,24.7,9.9
2017,6,17,00:00,UTC,0.3,-1,18.2,23.7,13.5
2017,6,18,00:00,UTC,-1,-1,16.7,22.2,10.5
2017,6,19,00:00,UTC,6.9,-1,16.6,22.2,13.5
2017,6,20,00:00,UTC,2.6,-1,11.1,16.9,9.8
2017,6,21,00:00,UTC,2.5,-1,11.1,17.8,7.3
2017,6,22,00:00,UTC,2.6,-1,11.5,17.9,6.4
2017,6,23,00:00,UTC,-1,-1,10.1,15.3,5.1
2017,6,24,00:00,UTC,8.1,-1,11.6,17.5,7
2017,6,25,00:00,UTC,0.2,-1,13.5,17.6,10.2
2017,6,26,00:00,UTC,1.4,-1,12.8,16.6,9.8
2017,6,27,00:00,UTC,1.1,-1,12.5,16.1,8.9
2017,6,28,00:00,UTC,-1,-1,13.8,19.8,7.6
2017,6,29,00:00,UTC,-1,-1,15.8,21,7.2
2017,6,30,00:00,UTC,-1,-1,16.7,20.4,12.8
2017,7,1,00:00,UTC,0.3,-1,14.3,18.7,12.5
2017,7,2,00:00,UTC,-1,-1,16.3,20.6,12.5
2017,7,3,00:00,UTC,1.2,-1,14.3,18.3,13.4
2017,7,4,00:00,UTC,2.3,-1,13.1,17.3,9.3
2017,7,5,00:00,UTC,-1,-1,13.1,17.4,11
2017,7,6,00:00,UTC,0.1,-1,10.8,16.8,5.9
2017,7,7,00:00,UTC,-1,-1,14.2,21.8,5.4
2017,7,8,00:00,UTC,-1,-1,16,22.1,9.4
2017,7,9,00:00,UTC,0.1,-1,16.4,22.3,11.3
2017,7,10,00:00,UTC,-1,-1,17.1,22.8,9.9
2017,7,11,00:00,UTC,12.6,-1,16.2,20.1,12
2017,7,12,00:00,UTC,0.3,-1,16.2,20.8,15
2017,7,13,00:00,UTC,4,-1,13.6,17,11.7
2017,7,14,00:00,UTC,-1,-1,13.6,20.1,8.8
2017,7,15,00:00,UTC,-1,-1,15.2,21.9,6.9
2017,7,16,00:00,UTC,-1,-1,16.7,24.5,9
2017,7,17,00:00,UTC,7.3,-1,13.6,17.7,8.8
2017,7,18,00:00,UTC,1.2,-1,13.6,19.4,7.6
2017,7,19,00:00,UTC,1.7,-1,11.8,15.7,7.6
2017,7,20,00:00,UTC,0.2,-1,14.2,19.3,11
2017,7,21,00:00,UTC,-1,-1,14.3,20.1,8.5
2017,7,22,00:00,UTC,11.9,-1,14.3,22.1,8.9
2017,7,23,00:00,UTC,-1,-1,16.2,22.3,10.4
2017,7,24,00:00,UTC,0.4,-1,14.5,18.9,10.3
2017,7,25,00:00,UTC,0.2,-1,15,18.1,11.6
2017,7,26,00:00,UTC,-1,-1,16.6,22.5,11
2017,7,27,00:00,UTC,3.3,-1,18,23,12.8
2017,7,28,00:00,UTC,-1,-1,18.1,25.1,14.5
2017,7,29,00:00,UTC,-1,-1,16.9,21.4,13
2017,7,30,00:00,UTC,1.4,-1,17,23,11.6
2017,7,31,00:00,UTC,0.1,-1,16.4,21.5,12.5
2017,8,1,00:00,UTC,15.7,-1,17.1,23.7,12.3
2017,8,2,00:00,UTC,6.2,-1,16.2,19.6,14.7
2017,8,3,00:00,UTC,10.6,-1,16.7,22.1,13
2017,8,4,00:00,UTC,14,-1,15.3,18.1,13
2017,8,5,00:00,UTC,3.1,-1,15.8,19.7,13.9
2017,8,6,00:00,UTC,7.2,-1,14.7,16.9,12.9
2017,8,7,00:00,UTC,9.2,-1,13.9,18.1,12.8
2017,8,8,00:00,UTC,-1,-1,15.5,22.6,9.4
2017,8,9,00:00,UTC,0.3,-1,16.8,21.7,11.2
2017,8,10,00:00,UTC,-1,-1,17.5,22.5,14.8
2017,8,11,00:00,UTC,-1,-1,17.3,23.2,13
2017,8,12,00:00,UTC,13.1,-1,18.6,24.6,13.3
2017,8,13,00:00,UTC,0.1,-1,16.8,19.8,15.6
2017,8,14,00:00,UTC,-1,-1,14.2,21.5,8.3
2017,8,15,00:00,UTC,-1,-1,14.3,20.1,8.7
2017,8,16,00:00,UTC,0.1,-1,16,20.1,11
2017,8,17,00:00,UTC,1.1,-1,17.2,20.1,15.1
2017,8,18,00:00,UTC,1.1,-1,17.1,20.7,14.7
2017,8,19,00:00,UTC,2,-1,17.1,20.3,14.6
2017,8,20,00:00,UTC,0.7,-1,15.7,19.7,13.5
2017,8,21,00:00,UTC,-1,-1,14.8,18.7,12.2
2017,8,22,00:00,UTC,8.1,-1,12.5,16.9,10.4
2017,8,23,00:00,UTC,-1,-1,12.1,16.3,8.6
2017,8,24,00:00,UTC,-1,-1,11.7,17.2,8.2
2017,8,25,00:00,UTC,1.8,-1,10.1,13.4,7.1
2017,8,26,00:00,UTC,0.8,-1,9.2,14.7,4.4
2017,8,27,00:00,UTC,-1,-1,9.5,14.9,4.8
2017,8,28,00:00,UTC,-1,-1,10.9,15.7,7.4
2017,8,29,00:00,UTC,-1,-1,12.7,17.4,5.9
2017,8,30,00:00,UTC,1.8,-1,15.6,17.9,14.1
2017,8,31,00:00,UTC,4.1,-1,15.4,17,13.1
2017,9,1,00:00,UTC,-1,-1,14,16.8,10.9
2017,9,2,00:00,UTC,-1,-1,12,14.7,8.1
2017,9,3,00:00,UTC,-1,-1,12.3,15.7,10.9
2017,9,4,00:00,UTC,-1,-1,11.1,15.8,7.1
2017,9,5,00:00,UTC,-1,-1,10.3,15.4,7.2
2017,9,6,00:00,UTC,-1,-1,9.6,14,4.7
2017,9,7,00:00,UTC,1.2,-1,9.5,11.6,8.4
2017,9,8,00:00,UTC,5.2,-1,9.7,12.8,7.2
2017,9,9,00:00,UTC,18.6,-1,12.4,14.4,9.2
2017,9,10,00:00,UTC,2.3,-1,13.8,15.4,13.2
2017,9,11,00:00,UTC,18.6,-1,13.8,17.3,11.7
2017,9,12,00:00,UTC,1.5,-1,14.1,16.8,10.5
2017,9,13,00:00,UTC,3.3,-1,13.3,17.6,10.5
2017,9,14,00:00,UTC,2.7,-1,11.9,14.3,10.1
2017,9,15,00:00,UTC,0.1,-1,10.9,15.6,8.1
2017,9,16,00:00,UTC,3.6,-1,10.4,16.8,6.5
2017,9,17,00:00,UTC,-1,-1,8.5,13.5,5.1
2017,9,18,00:00,UTC,-1,-1,8,11.3,4.8
2017,9,19,00:00,UTC,0.4,-1,8.4,10.4,6.8
2017,9,20,00:00,UTC,-1,-1,8.9,11.7,5.6
2017,9,21,00:00,UTC,0.8,-1,11.5,15,8.9
2017,9,22,00:00,UTC,1.1,-1,10.3,12.1,9.2
2017,9,23,00:00,UTC,-1,-1,12.1,16.3,10.3
2017,9,24,00:00,UTC,-1,-1,11.8,16.6,8.3
2017,9,25,00:00,UTC,-1,-1,11.6,16.8,7.6
2017,9,26,00:00,UTC,-1,-1,11.3,13.9,9.4
2017,9,27,00:00,UTC,-1,-1,11.3,14.5,8.4
2017,9,28,00:00,UTC,-1,-1,9.5,12.7,7.1
2017,9,29,00:00,UTC,-1,-1,8.2,13.5,2.9
2017,9,30,00:00,UTC,0.1,-1,8,9.4,6.6
2017,10,1,00:00,UTC,-1,-1,7.8,8.6,6.9
2017,10,2,00:00,UTC,13,-1,7.9,8.5,7.1
2017,10,3,00:00,UTC,51.1,-1,7.4,8.4,6.2
2017,10,4,00:00,UTC,11.6,-1,9.4,11.7,6.8
2017,10,5,00:00,UTC,0.8,-1,7.8,9.5,5.7
2017,10,6,00:00,UTC,0.1,-1,6.9,9.4,4.3
2017,10,7,00:00,UTC,12.2,-1,6.9,10.1,5
2017,10,8,00:00,UTC,17.5,-1,8.2,9.1,5.7
2017,10,9,00:00,UTC,20.3,-1,7.7,8.8,6.6
2017,10,10,00:00,UTC,22.1,0,7.3,8.3,6.4
2017,10,11,00:00,UTC,0.1,0,6,7.2,5.4
2017,10,12,00:00,UTC,15.3,0,4.9,7.7,-0.3
2017,10,13,00:00,UTC,-1,0,6.3,8.5,4.8
2017,10,14,00:00,UTC,5,0,6.3,8.1,4.5
2017,10,15,00:00,UTC,4.5,0,6.7,10.4,5.1
2017,10,16,00:00,UTC,0.2,-1,9.2,12.9,4.5
2017,10,17,00:00,UTC,2.3,0,6.5,10.5,1.9
2017,10,18,00:00,UTC,-1,0,7,10.6,5.5
2017,10,19,00:00,UTC,-1,0,3,9.2,0.7
2017,10,20,00:00,UTC,-1,0,0.8,5.4,-1.8
2017,10,21,00:00,UTC,-1,0,-0.6,4.6,-3.1
2017,10,22,00:00,UTC,-1,0,-0.8,2,-3
2017,10,23,00:00,UTC,-1,0,-0.1,2.3,-1.6
2017,10,24,00:00,UTC,-1,2,-0.3,2.9,-2.7
2017,10,25,00:00,UTC,20.8,0,0.9,3.3,-1.1
2017,10,26,00:00,UTC,9.7,15,-0.5,1.4,-1.9
2017,10,27,00:00,UTC,1.4,20,-1.1,0.4,-1.9
2017,10,28,00:00,UTC,13,17,1.4,3.4,-2.2
2017,10,29,00:00,UTC,5.1,9,1,2.7,0.4
2017,10,30,00:00,UTC,-1,7,0.5,1.4,0.2
2017,10,31,00:00,UTC,-1,6,-1.8,1,-3.8
2017,11,1,00:00,UTC,0.1,7,-1,1.5,-4.2
2017,11,2,00:00,UTC,-1,6,-0.8,2.5,-3.3
2017,11,3,00:00,UTC,0.3,6,0.6,3.1,-2
2017,11,4,00:00,UTC,1,5,4.8,6.2,-0.5
2017,11,5,00:00,UTC,0.4,2,6.5,7.5,3.6
2017,11,6,00:00,UTC,2.4,-1,5.9,7.6,4.2
2017,11,7,00:00,UTC,-1,-1,0.4,4.2,-1.9
2017,11,8,00:00,UTC,0.1,-1,3,5.7,-0.1
2017,11,9,00:00,UTC,7.3,-1,4.9,5.8,1.6
2017,11,10,00:00,UTC,4.7,-1,4.8,6.2,2.6
2017,11,11,00:00,UTC,25.2,-1,3.8,4.8,2.8
2017,11,12,00:00,UTC,2.2,-1,1.4,3.4,0.2
2017,11,13,00:00,UTC,-1,-1,0.6,1.3,-0.6
2017,11,14,00:00,UTC,0.5,-1,0.4,2.5,-1.1
2017,11,15,00:00,UTC,1.8,-1,0.7,2.3,-1.6
2017,11,16,00:00,UTC,3.1,-1,1,3.6,-1.2
2017,11,17,00:00,UTC,2.2,-1,3.3,5.8,-1.6
2017,11,18,00:00,UTC,23.4,-1,3.3,4.6,0.8
2017,11,19,00:00,UTC,10.4,-1,2.5,4.4,1.7
2017,11,20,00:00,UTC,2.2,-1,0.1,1.8,-0.5
2017,11,21,00:00,UTC,0.1,2,-0.2,0.2,-0.7
2017,11,22,00:00,UTC,1,0,-0.2,0.2,-0.6
2017,11,23,00:00,UTC,7.5,-1,0.1,0.9,-0.8
2017,11,24,00:00,UTC,8.5,0,4.7,6.4,0.9
2017,11,25,00:00,UTC,6.4,-1,2,5.7,0
2017,11,26,00:00,UTC,1.6,2,0.7,2,-0.1
2017,11,27,00:00,UTC,6,2,2.8,3.3,-0.6
2017,11,28,00:00,UTC,7.9,-1,2.1,4,0.1
2017,11,29,00:00,UTC,1.3,2,1,2.4,0.1
2017,11,30,00:00,UTC,2.7,0,1.7,2.2,1.3
2017,12,1,00:00,UTC,6.9,-1,0,1.3,-0.3
2017,12,2,00:00,UTC,0.9,6,-0.5,0.1,-2.2
2017,12,3,00:00,UTC,6.2,3,3.4,4.3,0.1
2017,12,4,00:00,UTC,0.1,-1,-0.6,4,-1.5
2017,12,5,00:00,UTC,1,-1,-1.6,-0.8,-3.4
2017,12,6,00:00,UTC,-1,2,-2.8,-0.7,-3.9
2017,12,7,00:00,UTC,12.8,2,-2.4,0.1,-6.8
2017,12,8,00:00,UTC,3.1,3,3.3,4.2,0
2017,12,9,00:00,UTC,0.1,-1,2.8,3.6,1.9
2017,12,10,00:00,UTC,-1,-1,0.8,2.3,0.3
2017,12,11,00:00,UTC,2.6,-1,0,1.1,-1.7
2017,12,12,00:00,UTC,26.6,2,-0.2,0.5,-1.4
2017,12,13,00:00,UTC,1.5,14,-0.6,1.8,-2.5
2017,12,14,00:00,UTC,5.4,13,0.1,1.4,-1.1
2017,12,15,00:00,UTC,9.8,22,0,0.6,-0.9
2017,12,16,00:00,UTC,4.1,25,0.5,1.4,-0.1
2017,12,17,00:00,UTC,-1,22,-1.3,0.1,-4.1
2017,12,18,00:00,UTC,2.6,21,-1.1,1.1,-4.3
2017,12,19,00:00,UTC,-1,20,0,1.1,-0.6
2017,12,20,00:00,UTC,2.5,18,0.9,2,-0.6
2017,12,21,00:00,UTC,-1,16,0.8,2.6,-0.3
2017,12,22,00:00,UTC,-1,14,-1.6,0,-2.7
2017,12,23,00:00,UTC,5.4,14,-0.8,1.4,-4.2
2017,12,24,00:00,UTC,-1,15,-1.9,0.7,-2.8
2017,12,25,00:00,UTC,3.6,15,-2.4,1.1,-5.8
2017,12,26,00:00,UTC,10.4,15,-0.2,2.3,-1.5
2017,12,27,00:00,UTC,3.6,13,0.9,2.4,-1.4
2017,12,28,00:00,UTC,4.9,14,1.1,2.2,0.1
2017,12,29,00:00,UTC,3.1,13,2.1,2.4,1.3
2017,12,30,00:00,UTC,0.2,9,0.7,2.5,-0.8
2017,12,31,00:00,UTC,3.3,8,-0.7,0.5,-1.1
2018,1,1,00:00,UTC,3.9,11,-0.1,0.8,-1.2
2018,1,2,00:00,UTC,1.7,10,2.4,3.1,0.1
2018,1,3,00:00,UTC,1.4,8,2,3.3,1.1
2018,1,4,00:00,UTC,7.5,6,1.3,1.8,0.6
2018,1,5,00:00,UTC,7.2,3,2.6,3.2,1.8
2018,1,6,00:00,UTC,0.3,-1,0.7,2.9,-0.8
2018,1,7,00:00,UTC,-1,-1,-3,-0.7,-5.3
2018,1,8,00:00,UTC,-1,2,-2.5,-0.4,-5.5
2018,1,9,00:00,UTC,-1,3,-1.6,-0.1,-3.2
2018,1,10,00:00,UTC,-1,4,-3.8,-1.9,-5.3
2018,1,11,00:00,UTC,0.1,5,-5.1,-3.2,-8.6
2018,1,12,00:00,UTC,-1,5,-4.5,-3.2,-6.4
2018,1,13,00:00,UTC,-1,6,-3.6,-2.9,-4.7
2018,1,14,00:00,UTC,-1,6,-4.3,-3.1,-6.4
2018,1,15,00:00,UTC,-1,6,-7.5,-5.7,-8.2
2018,1,16,00:00,UTC,-1,6,-7.2,-6,-8.8
2018,1,17,00:00,UTC,6.2,7,-7.1,-6,-7.9
2018,1,18,00:00,UTC,1.9,21,-5,-3.2,-6.6
2018,1,19,00:00,UTC,-1,19,-5.2,-3.7,-7.6
2018,1,20,00:00,UTC,-1,16,-3.9,-3.1,-4.4
2018,1,21,00:00,UTC,0.8,14,-8.2,-4.3,-10.1
2018,1,22,00:00,UTC,0.7,15,-7.6,-3,-11.1
2018,1,23,00:00,UTC,5.1,15,-8.9,-6.1,-13.4
2018,1,24,00:00,UTC,16.4,19,-1.5,1.9,-6.1
2018,1,25,00:00,UTC,0.8,18,2.7,3.3,1.6
2018,1,26,00:00,UTC,0.2,14,1.8,2.8,0.4
2018,1,27,00:00,UTC,3.3,12,1.1,2,0.1
2018,1,28,00:00,UTC,3.1,11,-0.6,0.2,-2.5
2018,1,29,00:00,UTC,0.3,14,-0.9,0,-1.3
2018,1,30,00:00,UTC,1,13,-3.1,-1.2,-3.9
2018,1,31,00:00,UTC,9,14,-4.6,-3.7,-6.6
2018,2,1,00:00,UTC,19.9,23,-1.9,-0.9,-4.3
2018,2,2,00:00,UTC,0.5,37,0.2,0.6,-0.9
2018,2,3,00:00,UTC,0.1,33,-6,0.3,-9.8
2018,2,4,00:00,UTC,-1,32,-11.6,-8.8,-14.1
2018,2,5,00:00,UTC,0.8,32,-9.8,-6.9,-12
2018,2,6,00:00,UTC,2.7,32,-9.9,-8.7,-11.8
2018,2,7,00:00,UTC,0.3,38,-8.7,-6.1,-10.6
2018,2,8,00:00,UTC,0.3,36,-5.3,-1.8,-10.3
2018,2,9,00:00,UTC,-1,33,-7.3,-4.6,-8.1
2018,2,10,00:00,UTC,0.3,31,-6.8,-4.6,-8.3
2018,2,11,00:00,UTC,1.1,32,-5.3,-3.6,-9.4
2018,2,12,00:00,UTC,5.9,33,-3.6,-2.6,-4.9
2018,2,13,00:00,UTC,-1,37,-0.8,0.2,-2.6
2018,2,14,00:00,UTC,-1,35,-0.5,0.6,-0.9
2018,2,15,00:00,UTC,-1,35,-3.9,-0.8,-7
2018,2,16,00:00,UTC,0.1,33,-5.5,-3.7,-7.4
2018,2,17,00:00,UTC,-1,31,-6.8,-4.2,-8
2018,2,18,00:00,UTC,-1,33,-9.8,-6.9,-11.7
2018,2,19,00:00,UTC,-1,32,-12,-7.4,-15.3
2018,2,20,00:00,UTC,-1,32,-12.1,-6.5,-16.6
2018,2,21,00:00,UTC,-1,32,-13,-8.5,-17.1
2018,2,22,00:00,UTC,-1,32,-13.2,-7.4,-17.8
2018,2,23,00:00,UTC,-1,32,-12.1,-6.9,-15.7
2018,2,24,00:00,UTC,-1,32,-15.1,-11.1,-18.2
2018,2,25,00:00,UTC,0.2,32,-11.4,-6.7,-18.6
2018,2,26,00:00,UTC,-1,35,-10.8,-7.8,-13.1
2018,2,27,00:00,UTC,-1,34,-18.1,-13,-20
2018,2,28,00:00,UTC,-1,35,-17.5,-13.1,-22.2
2018,3,1,00:00,UTC,-1,34,-14.6,-8.5,-20.6
2018,3,2,00:00,UTC,-1,35,-11.9,-6.2,-16.5
2018,3,3,00:00,UTC,-1,34,-11.3,-6.1,-16.7
2018,3,4,00:00,UTC,-1,34,-10.9,-5.5,-16.2
2018,3,5,00:00,UTC,-1,34,-9.9,-5.9,-14.7
2018,3,6,00:00,UTC,-1,33,-6.9,-4.2,-9.1
2018,3,7,00:00,UTC,-1,35,-8.1,-3.9,-12.3
2018,3,8,00:00,UTC,4.3,35,-6.2,-3.7,-10.1
2018,3,9,00:00,UTC,0.9,38,-0.9,0.5,-3.7
2018,3,10,00:00,UTC,0.2,39,-0.5,0,-0.9
2018,3,11,00:00,UTC,-1,38,0,1.4,-0.8
2018,3,12,00:00,UTC,4.6,37,-0.8,0.9,-3.2
2018,3,13,00:00,UTC,4.6,36,1.3,2.4,0.1
2018,3,14,00:00,UTC,0.1,34,-3.2,2,-4.9
2018,3,15,00:00,UTC,-1,33,-8.5,-3.8,-12
2018,3,16,00:00,UTC,-1,33,-9.4,-4.8,-15.4
2018,3,17,00:00,UTC,-1,33,-7.9,-2.2,-13.8
2018,3,18,00:00,UTC,0.1,34,-3,2.7,-8.9
2018,3,19,00:00,UTC,1.8,34,-1,2.6,-2.8
2018,3,20,00:00,UTC,-1,36,-5,-1.3,-7.7
2018,3,21,00:00,UTC,-1,33,-6.9,-1.6,-15.6
2018,3,22,00:00,UTC,0.7,36,-1.2,2.3,-4.6
2018,3,23,00:00,UTC,-1,35,-3.8,-0.7,-5.7
2018,3,24,00:00,UTC,-1,35,-2,2.1,-8.2
2018,3,25,00:00,UTC,0.9,35,1.4,5.4,-0.6
2018,3,26,00:00,UTC,-1,35,-4.1,0.2,-6.6
2018,3,27,00:00,UTC,0.1,35,-6.5,-0.7,-12.1
2018,3,28,00:00,UTC,0.9,35,-4.6,1.9,-11.1
2018,3,29,00:00,UTC,-1,33,-3.3,3,-8.3
2018,3,30,00:00,UTC,0.1,35,-2.7,2.7,-8.9
2018,3,31,00:00,UTC,-1,35,-2.2,3.6,-7.6
2018,4,1,00:00,UTC,4.5,35,-1.5,2.6,-7.2
2018,4,2,00:00,UTC,9.3,39,-1,0.3,-1.7
2018,4,3,00:00,UTC,-1,47,-2.1,3,-6.1
2018,4,4,00:00,UTC,1.7,47,0.1,5.1,-8.2
2018,4,5,00:00,UTC,1.2,42,3.1,7.4,1.2
2018,4,6,00:00,UTC,1.3,36,1.5,4.5,0.3
2018,4,7,00:00,UTC,-1,32,1.9,6.2,-1.8
2018,4,8,00:00,UTC,-1,32,3.5,7.7,0
2018,4,9,00:00,UTC,5,29,5.4,13.4,0.3
2018,4,10,00:00,UTC,-1,29,2,7.1,-2.2
2018,4,11,00:00,UTC,-1,27,1.7,7.1,-3.2
2018,4,12,00:00,UTC,-1,26,3.5,10.3,-3.8
2018,4,13,00:00,UTC,-1,26,5.1,10.7,-0.4
2018,4,14,00:00,UTC,-1,25,7.1,14.2,-0.5
2018,4,15,00:00,UTC,2.2,23,6.6,13.8,-0.3
2018,4,16,00:00,UTC,1.9,18,7.6,11.9,3.4
2018,4,17,00:00,UTC,-1,13,6.3,9.2,4.5
2018,4,18,00:00,UTC,0.3,8,8.6,15.8,3.3
2018,4,19,00:00,UTC,-1,-1,9.4,15.6,5.1
2018,4,20,00:00,UTC,0.4,-1,9.6,18.6,3.2
2018,4,21,00:00,UTC,-1,-1,7.8,14.3,4.4
2018,4,22,00:00,UTC,1.1,-1,4.4,7.7,2.9
2018,4,23,00:00,UTC,0.9,-1,3.7,7.9,-0.4
2018,4,24,00:00,UTC,2,-1,5.8,10,2.5
2018,4,25,00:00,UTC,0.7,-1,6.1,10.4,4.9
2018,4,26,00:00,UTC,0.4,-1,5,11.9,0.8
2018,4,27,00:00,UTC,2.2,-1,4.2,10.5,-0.1
2018,4,28,00:00,UTC,2.4,-1,5.4,11.5,1.5
2018,4,29,00:00,UTC,2.9,-1,5.3,9.1,-0.1
2018,4,30,00:00,UTC,2.1,-1,6.8,13.7,1.4
2018,5,1,00:00,UTC,9.3,-1,6.4,8.5,4.7
2018,5,2,00:00,UTC,0.4,-1,6.8,10.5,4.6
2018,5,3,00:00,UTC,0.6,-1,8.2,13.9,4.7
2018,5,4,00:00,UTC,-1,-1,8.8,13,6.5
2018,5,5,00:00,UTC,-1,-1,9.3,15.6,4.7
2018,5,6,00:00,UTC,-1,-1,11.2,18.3,3.6
2018,5,7,00:00,UTC,-1,-1,13.2,22,4.1
2018,5,8,00:00,UTC,-1,-1,12.7,18.3,8.1
2018,5,9,00:00,UTC,-1,-1,11.5,16.8,5.1
2018,5,10,00:00,UTC,-1,-1,12.6,18.2,4.8
2018,5,11,00:00,UTC,-1,-1,14.7,22,5.7
2018,5,12,00:00,UTC,-1,-1,16.5,23.9,8.5
2018,5,13,00:00,UTC,-1,-1,18.6,27,7.8
2018,5,14,00:00,UTC,-1,-1,20.9,28.2,13.8
2018,5,15,00:00,UTC,-1,-1,21.5,29.2,12.9
2018,5,16,00:00,UTC,-1,-1,19.6,27.4,14.6
2018,5,17,00:00,UTC,-1,-1,17.1,24.8,10.3
2018,5,18,00:00,UTC,-1,-1,13.5,17.6,11.1
2018,5,19,00:00,UTC,-1,-1,12.9,18.8,5.9
2018,5,20,00:00,UTC,-1,-1,14.4,22.7,6.2
2018,5,21,00:00,UTC,-1,-1,16.5,24.6,6.5
2018,5,22,00:00,UTC,-1,-1,17.6,24.9,8.9
2018,5,23,00:00,UTC,-1,-1,18,25.2,11.7
2018,5,24,00:00,UTC,-1,-1,14.2,20.9,8.5
2018,5,25,00:00,UTC,-1,-1,15,21.5,7.1
2018,5,26,00:00,UTC,-1,-1,17.5,24.7,8.4
2018,5,27,00:00,UTC,-1,-1,16.8,20.7,12.8
2018,5,28,00:00,UTC,-1,-1,15.9,21.9,9.2
2018,5,29,00:00,UTC,-1,-1,18.7,26.9,8.5
2018,5,30,00:00,UTC,-1,-1,17.8,23.4,11.6
2018,5,31,00:00,UTC,-1,-1,14,20.1,9.7
2018,6,1,00:00,UTC,-1,-1,16,23.6,6.6
2018,6,2,00:00,UTC,-1,-1,18.6,27.3,11.6
2018,6,3,00:00,UTC,-1,-1,18.2,26.1,10.6
2018,6,4,00:00,UTC,-1,-1,14.6,20,11.8
2018,6,5,00:00,UTC,-1,-1,9,13,5.7
2018,6,6,00:00,UTC,-1,-1,9.1,14.3,3
2018,6,7,00:00,UTC,-1,-1,10.9,18,1.5
2018,6,8,00:00,UTC,-1,-1,12.1,18,6.1
2018,6,9,00:00,UTC,-1,-1,13,19.3,5.6
2018,6,10,00:00,UTC,-1,-1,14.9,22.5,6.3
2018,6,11,00:00,UTC,3.1,-1,18.9,26.5,9.9
2018,6,12,00:00,UTC,0.3,-1,14.9,20.3,9.7
2018,6,13,00:00,UTC,-1,-1,14.5,20.9,7.9
2018,6,14,00:00,UTC,-1,-1,16.2,22.5,11.2
2018,6,15,00:00,UTC,-1,-1,16.1,21.6,11.1
2018,6,16,00:00,UTC,-1,-1,17.2,24.6,8.8
2018,6,17,00:00,UTC,-1,-1,18.5,25.2,10.4
2018,6,18,00:00,UTC,-1,-1,17.7,24,13.8
2018,6,19,00:00,UTC,8.1,-1,13.6,17.1,9.2
2018,6,20,00:00,UTC,-1,-1,15.4,21.4,10
2018,6,21,00:00,UTC,13.6,-1,13,16.5,8.9
2018,6,22,00:00,UTC,2.4,-1,11,14.3,9.4
2018,6,23,00:00,UTC,-1,-1,13.1,18.5,8.5
2018,6,24,00:00,UTC,1.4,-1,13.3,17.6,6.4
2018,6,25,00:00,UTC,-1,-1,14.2,17.5,12.1
2018,6,26,00:00,UTC,-1,-1,16.9,23.1,9.9
2018,6,27,00:00,UTC,-1,-1,18.3,26.2,11
2018,6,28,00:00,UTC,2.6,-1,19.8,27.5,11.9
2018,6,29,00:00,UTC,1.8,-1,12.8,19.5,11.6
2018,6,30,00:00,UTC,0.2,-1,12.9,19.2,7.4
2018,7,1,00:00,UTC,-1,-1,15,20.3,8.7
2018,7,2,00:00,UTC,12.8,-1,12.2,17.4,9.7
2018,7,3,00:00,UTC,3.8,-1,12.5,14.1,11.5
2018,7,4,00:00,UTC,2.9,-1,14.8,19.3,8.8
2018,7,5,00:00,UTC,4.2,-1,16,20.7,12.1
2018,7,6,00:00,UTC,-1,-1,16.6,21,13.7
2018,7,7,00:00,UTC,-1,-1,19.7,25.1,13.7
2018,7,8,00:00,UTC,-1,-1,17.9,23.4,12.8
2018,7,9,00:00,UTC,-1,-1,18.2,22.6,13.5
2018,7,10,00:00,UTC,-1,-1,15.8,20.4,12.6
2018,7,11,00:00,UTC,-1,-1,17.5,21.7,12.3
2018,7,12,00:00,UTC,-1,-1,19.6,24.7,13.7
2018,7,13,00:00,UTC,-1,-1,21.6,27.6,15.7
2018,7,14,00:00,UTC,-1,-1,22.6,29.5,14.9
2018,7,15,00:00,UTC,-1,-1,24.2,30.4,16.7
2018,7,16,00:00,UTC,-1,-1,24.8,30.7,18.5
2018,7,17,00:00,UTC,-1,-1,25.8,31.9,19.2
2018,7,18,00:00,UTC,-1,-1,24.6,30.1,20.2
2018,7,19,00:00,UTC,2,-1,23.5,29.2,17.7
2018,7,20,00:00,UTC,4,-1,19.2,24.6,17.4
2018,7,21,00:00,UTC,10.5,-1,20.3,24.4,18
2018,7,22,00:00,UTC,-1,-1,20.8,26.7,16.6
2018,7,23,00:00,UTC,-1,-1,20.9,27.7,13.9
2018,7,24,00:00,UTC,-1,-1,22.4,28.7,15.6
2018,7,25,00:00,UTC,-1,-1,23.5,29.4,17.6
2018,7,26,00:00,UTC,0.9,-1,22.9,28,16.7
2018,7,27,00:00,UTC,-1,-1,24,29.7,18
2018,7,28,00:00,UTC,0.3,-1,24.4,29.7,20
2018,7,29,00:00,UTC,-1,-1,24.1,28.2,22
2018,7,30,00:00,UTC,-1,-1,24.2,28.7,20.5
2018,7,31,00:00,UTC,-1,-1,23.9,28.6,19.4
2018,8,1,00:00,UTC,-1,-1,24.8,31.6,18.5
2018,8,2,00:00,UTC,1.7,-1,23.6,30.8,18.4
2018,8,3,00:00,UTC,-1,-1,23.8,30.3,18.8
2018,8,4,00:00,UTC,0.2,-1,20,25.3,15.2
2018,8,5,00:00,UTC,1.7,-1,18.1,25.1,14.8
2018,8,6,00:00,UTC,-1,-1,16.6,22.7,12
2018,8,7,00:00,UTC,-1,-1,17.9,24.5,12.4
2018,8,8,00:00,UTC,-1,-1,18.6,25.5,10.2
2018,8,9,00:00,UTC,-1,-1,23.2,29.9,16
2018,8,10,00:00,UTC,0.2,-1,22.3,29.6,17.3
2018,8,11,00:00,UTC,2.4,-1,19.2,24.7,16.1
2018,8,12,00:00,UTC,1,-1,14.4,19.1,12.3
2018,8,13,00:00,UTC,-1,-1,13.9,20.5,8.9
2018,8,14,00:00,UTC,-1,-1,15.6,21.7,8.6
2018,8,15,00:00,UTC,2,-1,14.8,19.1,12.5
2018,8,16,00:00,UTC,-1,-1,16.2,22.9,10.5
2018,8,17,00:00,UTC,-1,-1,18.4,24.4,12.6
2018,8,18,00:00,UTC,5.1,-1,17.9,23.7,14.1
2018,8,19,00:00,UTC,0.5,-1,16.8,22.4,12.7
2018,8,20,00:00,UTC,10.1,-1,13.8,18.5,10.1
2018,8,21,00:00,UTC,-1,-1,12.6,18.6,8.7
2018,8,22,00:00,UTC,0.1,-1,13.8,20.1,6.4
2018,8,23,00:00,UTC,0.4,-1,17.5,22,15
2018,8,24,00:00,UTC,11.5,-1,17.7,23.5,12.7
2018,8,25,00:00,UTC,-1,-1,15.9,18.5,14.5
2018,8,26,00:00,UTC,13.6,-1,13.4,17.9,11.2
2018,8,27,00:00,UTC,-1,-1,12.6,18,8.5
2018,8,28,00:00,UTC,0.1,-1,14.5,17.5,10
2018,8,29,00:00,UTC,-1,-1,15.4,21,10.5
2018,8,30,00:00,UTC,-1,-1,14.7,17.6,11.8
2018,8,31,00:00,UTC,-1,-1,14.7,18.1,12
2018,9,1,00:00,UTC,0.9,-1,15.8,18.8,13.7
2018,9,2,00:00,UTC,-1,-1,15.8,20.7,12.8
2018,9,3,00:00,UTC,-1,-1,16.5,22.7,12.5
2018,9,4,00:00,UTC,-1,-1,14.9,19.2,11
2018,9,5,00:00,UTC,-1,-1,15,18,12.5
2018,9,6,00:00,UTC,-1,-1,16.1,21.1,11.6
2018,9,7,00:00,UTC,-1,-1,16.8,21.1,12.9
2018,9,8,00:00,UTC,-1,-1,18.5,23.9,15
2018,9,9,00:00,UTC,5.1,-1,17,21.1,15.4
2018,9,10,00:00,UTC,-1,-1,15.8,18.5,14.1
2018,9,11,00:00,UTC,21.2,-1,13.8,16.4,12.2
2018,9,12,00:00,UTC,5.5,-1,12.6,16.8,9.1
2018,9,13,00:00,UTC,-1,-1,11.3,16.6,7.8
2018,9,14,00:00,UTC,0.3,-1,11.2,15.8,7
2018,9,15,00:00,UTC,6.7,-1,12.4,16.1,9.9
2018,9,16,00:00,UTC,2.5,-1,9.4,14.5,5.7
2018,9,17,00:00,UTC,9.6,-1,10.4,14.4,5.7
2018,9,18,00:00,UTC,-1,-1,11.6,15.3,7
2018,9,19,00:00,UTC,-1,-1,14.5,19.7,11
2018,9,20,00:00,UTC,2.8,-1,14.9,19.3,11
2018,9,21,00:00,UTC,0.8,-1,14.8,19.9,8.9
2018,9,22,00:00,UTC,1.3,-1,12.6,18.9,9.7
2018,9,23,00:00,UTC,-1,-1,8.7,14.3,6.5
2018,9,24,00:00,UTC,0.1,-1,5.9,11.8,2.3
2018,9,25,00:00,UTC,-1,-1,5.4,11.2,1.3
2018,9,26,00:00,UTC,6.3,-1,8.3,10.2,3.7
2018,9,27,00:00,UTC,-1,-1,7.6,11.1,5.8
2018,9,28,00:00,UTC,-1,-1,6.1,10.6,3.9
2018,9,29,00:00,UTC,0.8,-1,4.5,10.3,-1.4
2018,9,30,00:00,UTC,0.7,-1,8.7,10.8,6.1
2018,10,1,00:00,UTC,-1,-1,8,12.6,4.5